station,ddne,ddnw,dds,ddse,ddsw,ddw,v100,v60,v70,v80,vv,ddn,dde,Stationsname,Longitude,Latitude,Height,year,month
11402,12.0,0.0,2.0,5.0,24.0,40.0,0.0,0.0,0.0,0.0,1.4,1.0,5.0,HOLZGAU,10.338611,47.2575,1092.0,2021,11
11402,1.0,2.0,1.0,1.0,18.0,51.0,0.0,0.0,0.0,0.0,1.1,1.0,4.0,HOLZGAU,10.338611,47.2575,1092.0,2021,12
11402,5.0,4.0,1.0,1.0,13.0,59.0,0.0,0.0,0.0,0.0,1.7,1.0,3.0,HOLZGAU,10.338611,47.2575,1092.0,2022,1
11402,1.0,3.0,2.0,3.0,27.0,38.0,0.0,1.0,0.0,0.0,1.6,0.0,5.0,HOLZGAU,10.338611,47.2575,1092.0,2022,2
11402,12.0,0.0,1.0,7.0,12.0,43.0,0.0,0.0,0.0,0.0,1.6,2.0,13.0,HOLZGAU,10.338611,47.2575,1092.0,2022,3
11402,19.0,2.0,0.0,1.0,32.0,14.0,0.0,0.0,0.0,0.0,2.0,6.0,13.0,HOLZGAU,10.338611,47.2575,1092.0,2022,4
11402,24.0,1.0,2.0,2.0,26.0,17.0,0.0,0.0,0.0,0.0,1.7,6.0,7.0,HOLZGAU,10.338611,47.2575,1092.0,2022,5
11402,21.0,5.0,1.0,0.0,16.0,20.0,0.0,1.0,0.0,0.0,1.9,8.0,14.0,HOLZGAU,10.338611,47.2575,1092.0,2022,6
11402,30.0,1.0,0.0,2.0,17.0,21.0,0.0,0.0,0.0,0.0,1.9,4.0,8.0,HOLZGAU,10.338611,47.2575,1092.0,2022,7
11402,32.0,0.0,1.0,3.0,11.0,21.0,0.0,0.0,0.0,0.0,1.8,3.0,15.0,HOLZGAU,10.338611,47.2575,1092.0,2022,8
11402,14.0,5.0,0.0,1.0,19.0,29.0,0.0,0.0,0.0,0.0,1.4,7.0,4.0,HOLZGAU,10.338611,47.2575,1092.0,2022,9
11402,9.0,1.0,3.0,2.0,16.0,49.0,0.0,0.0,0.0,0.0,1.2,1.0,9.0,HOLZGAU,10.338611,47.2575,1092.0,2022,10
11402,9.0,0.0,1.0,2.0,24.0,36.0,0.0,0.0,0.0,0.0,1.1,2.0,5.0,HOLZGAU,10.338611,47.2575,1092.0,2022,11
11410,0.0,4.0,4.0,26.0,6.0,28.0,0.0,1.0,1.0,0.0,1.5,0.0,8.0,TANNHEIM,10.505834,47.500278,1100.0,2021,11
11410,0.0,1.0,4.0,40.0,5.0,22.0,0.0,3.0,1.0,0.0,1.3,0.0,8.0,TANNHEIM,10.505834,47.500278,1100.0,2021,12
11410,0.0,5.0,3.0,30.0,6.0,37.0,0.0,4.0,0.0,0.0,1.9,0.0,7.0,TANNHEIM,10.505834,47.500278,1100.0,2022,1
11410,0.0,1.0,2.0,23.0,10.0,41.0,0.0,10.0,5.0,3.0,2.3,0.0,3.0,TANNHEIM,10.505834,47.500278,1100.0,2022,2
11410,2.0,6.0,6.0,23.0,6.0,27.0,0.0,0.0,0.0,0.0,1.7,2.0,10.0,TANNHEIM,10.505834,47.500278,1100.0,2022,3
11410,5.0,16.0,4.0,6.0,8.0,27.0,0.0,2.0,1.0,1.0,1.9,3.0,15.0,TANNHEIM,10.505834,47.500278,1100.0,2022,4
11410,6.0,17.0,3.0,10.0,3.0,27.0,0.0,0.0,0.0,0.0,1.9,1.0,21.0,TANNHEIM,10.505834,47.500278,1100.0,2022,5
11410,5.0,23.0,1.0,10.0,4.0,24.0,0.0,1.0,0.0,0.0,2.0,1.0,20.0,TANNHEIM,10.505834,47.500278,1100.0,2022,6
11410,2.0,24.0,1.0,9.0,4.0,28.0,0.0,0.0,0.0,0.0,2.0,4.0,19.0,TANNHEIM,10.505834,47.500278,1100.0,2022,7
11410,5.0,17.0,2.0,6.0,3.0,30.0,0.0,0.0,0.0,0.0,1.7,1.0,25.0,TANNHEIM,10.505834,47.500278,1100.0,2022,8
11410,0.0,8.0,4.0,23.0,7.0,31.0,0.0,0.0,0.0,0.0,1.6,1.0,7.0,TANNHEIM,10.505834,47.500278,1100.0,2022,9
11410,0.0,3.0,5.0,35.0,9.0,23.0,0.0,0.0,0.0,0.0,1.5,0.0,8.0,TANNHEIM,10.505834,47.500278,1100.0,2022,10
11410,1.0,0.0,10.0,23.0,10.0,28.0,0.0,0.0,0.0,0.0,1.4,0.0,10.0,TANNHEIM,10.505834,47.500278,1100.0,2022,11
11505,2.0,4.0,26.0,5.0,10.0,3.0,0.0,0.0,0.0,0.0,1.9,28.0,6.0,REUTTE,10.715278,47.494446,841.8,2021,11
11505,1.0,1.0,40.0,11.0,17.0,3.0,0.0,0.0,0.0,0.0,1.6,12.0,2.0,REUTTE,10.715278,47.494446,841.8,2021,12
11505,2.0,5.0,24.0,14.0,16.0,3.0,0.0,0.0,0.0,0.0,1.8,20.0,2.0,REUTTE,10.715278,47.494446,841.8,2022,1
11505,2.0,5.0,26.0,10.0,19.0,2.0,0.0,5.0,3.0,1.0,2.2,15.0,4.0,REUTTE,10.715278,47.494446,841.8,2022,2
11505,5.0,13.0,18.0,4.0,8.0,0.0,0.0,0.0,0.0,0.0,3.1,44.0,0.0,REUTTE,10.715278,47.494446,841.8,2022,3
11505,0.0,27.0,7.0,6.0,7.0,0.0,0.0,1.0,0.0,0.0,3.1,35.0,3.0,REUTTE,10.715278,47.494446,841.8,2022,4
11505,3.0,17.0,11.0,5.0,14.0,3.0,0.0,1.0,1.0,0.0,2.8,39.0,0.0,REUTTE,10.715278,47.494446,841.8,2022,5
11505,1.0,18.0,20.0,2.0,13.0,4.0,0.0,2.0,0.0,0.0,3.0,29.0,1.0,REUTTE,10.715278,47.494446,841.8,2022,6
11505,2.0,16.0,12.0,5.0,13.0,1.0,0.0,0.0,0.0,0.0,2.9,40.0,1.0,REUTTE,10.715278,47.494446,841.8,2022,7
11505,2.0,30.0,17.0,4.0,6.0,3.0,0.0,0.0,0.0,0.0,3.1,29.0,0.0,REUTTE,10.715278,47.494446,841.8,2022,8
11505,6.0,10.0,19.0,8.0,9.0,2.0,0.0,0.0,0.0,0.0,2.1,31.0,1.0,REUTTE,10.715278,47.494446,841.8,2022,9
11505,2.0,9.0,39.0,5.0,12.0,1.0,0.0,0.0,0.0,0.0,1.9,18.0,2.0,REUTTE,10.715278,47.494446,841.8,2022,10
11505,2.0,6.0,37.0,8.0,13.0,2.0,0.0,0.0,0.0,0.0,1.8,18.0,0.0,REUTTE,10.715278,47.494446,841.8,2022,11
11603,15.0,1.0,15.0,5.0,12.0,5.0,0.0,0.0,0.0,0.0,1.6,21.0,5.0,EHRWALD,10.92,47.404167,982.0,2021,11
11603,13.0,0.0,16.0,6.0,2.0,4.0,0.0,0.0,0.0,0.0,1.0,3.0,19.0,EHRWALD,10.92,47.404167,982.0,2021,12
11603,5.0,4.0,7.0,5.0,7.0,6.0,0.0,0.0,0.0,0.0,0.9,4.0,23.0,EHRWALD,10.92,47.404167,982.0,2022,1
11603,11.0,4.0,11.0,2.0,7.0,9.0,0.0,2.0,0.0,0.0,1.5,13.0,14.0,EHRWALD,10.92,47.404167,982.0,2022,2
11603,15.0,3.0,6.0,6.0,12.0,3.0,0.0,0.0,0.0,0.0,1.9,24.0,14.0,EHRWALD,10.92,47.404167,982.0,2022,3
11603,13.0,8.0,5.0,7.0,4.0,5.0,0.0,0.0,0.0,0.0,1.8,35.0,4.0,EHRWALD,10.92,47.404167,982.0,2022,4
11603,11.0,4.0,7.0,4.0,6.0,9.0,0.0,0.0,0.0,0.0,1.7,36.0,3.0,EHRWALD,10.92,47.404167,982.0,2022,5
11603,9.0,14.0,5.0,5.0,8.0,4.0,0.0,0.0,0.0,0.0,1.6,28.0,5.0,EHRWALD,10.92,47.404167,982.0,2022,6
11603,8.0,14.0,6.0,4.0,3.0,10.0,0.0,0.0,0.0,0.0,1.5,34.0,5.0,EHRWALD,10.92,47.404167,982.0,2022,7
11603,8.0,6.0,3.0,5.0,2.0,3.0,0.0,0.0,0.0,0.0,1.6,45.0,3.0,EHRWALD,10.92,47.404167,982.0,2022,8
11603,11.0,7.0,5.0,10.0,6.0,4.0,0.0,0.0,0.0,0.0,1.2,21.0,14.0,EHRWALD,10.92,47.404167,982.0,2022,9
11603,14.0,4.0,13.0,5.0,15.0,3.0,0.0,0.0,0.0,0.0,1.5,10.0,17.0,EHRWALD,10.92,47.404167,982.0,2022,10
11603,11.0,3.0,15.0,8.0,16.0,7.0,0.0,0.0,0.0,0.0,1.5,8.0,12.0,EHRWALD,10.92,47.404167,982.0,2022,11
11706,20.0,1.0,16.0,6.0,28.0,2.0,0.0,0.0,0.0,0.0,1.6,3.0,8.0,SEEFELD,11.175555,47.324722,1181.9,2021,11
11706,14.0,2.0,16.0,2.0,38.0,6.0,0.0,0.0,0.0,0.0,1.3,4.0,3.0,SEEFELD,11.175555,47.324722,1181.9,2021,12
11706,25.0,4.0,8.0,2.0,35.0,6.0,0.0,0.0,0.0,0.0,1.5,4.0,4.0,SEEFELD,11.175555,47.324722,1181.9,2022,1
11706,17.0,4.0,12.0,2.0,33.0,2.0,0.0,2.0,1.0,0.0,1.7,6.0,1.0,SEEFELD,11.175555,47.324722,1181.9,2022,2
11706,16.0,3.0,19.0,4.0,35.0,3.0,0.0,0.0,0.0,0.0,1.6,6.0,2.0,SEEFELD,11.175555,47.324722,1181.9,2022,3
11706,40.0,1.0,4.0,4.0,15.0,2.0,0.0,0.0,0.0,0.0,2.1,12.0,7.0,SEEFELD,11.175555,47.324722,1181.9,2022,4
11706,40.0,2.0,8.0,2.0,12.0,3.0,0.0,0.0,0.0,0.0,1.9,13.0,8.0,SEEFELD,11.175555,47.324722,1181.9,2022,5
11706,28.0,3.0,11.0,4.0,22.0,0.0,0.0,0.0,0.0,0.0,1.9,11.0,8.0,SEEFELD,11.175555,47.324722,1181.9,2022,6
11706,38.0,3.0,14.0,3.0,13.0,3.0,0.0,0.0,0.0,0.0,2.1,12.0,5.0,SEEFELD,11.175555,47.324722,1181.9,2022,7
11706,38.0,2.0,5.0,2.0,27.0,0.0,0.0,0.0,0.0,0.0,1.9,14.0,1.0,SEEFELD,11.175555,47.324722,1181.9,2022,8
11706,21.0,2.0,6.0,1.0,30.0,7.0,0.0,1.0,0.0,0.0,1.5,13.0,5.0,SEEFELD,11.175555,47.324722,1181.9,2022,9
11706,9.0,1.0,9.0,1.0,50.0,2.0,0.0,0.0,0.0,0.0,1.3,4.0,5.0,SEEFELD,11.175555,47.324722,1181.9,2022,10
11706,13.0,0.0,15.0,3.0,36.0,3.0,0.0,0.0,0.0,0.0,1.4,3.0,9.0,SEEFELD,11.175555,47.324722,1181.9,2022,11
118,0.0,22.0,16.0,9.0,10.0,2.0,0.0,0.0,0.0,0.0,1.0,8.0,0.0,KITZBUEHEL,12.389167,47.44389,772.0,2021,11
118,0.0,10.0,28.0,19.0,7.0,7.0,0.0,0.0,0.0,0.0,0.9,3.0,0.0,KITZBUEHEL,12.389167,47.44389,772.0,2021,12
118,0.0,17.0,19.0,10.0,7.0,8.0,0.0,0.0,0.0,0.0,1.1,11.0,0.0,KITZBUEHEL,12.389167,47.44389,772.0,2022,1
118,0.0,21.0,28.0,5.0,7.0,7.0,0.0,1.0,0.0,0.0,1.4,2.0,0.0,KITZBUEHEL,12.389167,47.44389,772.0,2022,2
118,0.0,30.0,20.0,4.0,5.0,8.0,0.0,0.0,0.0,0.0,1.5,6.0,0.0,KITZBUEHEL,12.389167,47.44389,772.0,2022,3
118,1.0,40.0,12.0,5.0,2.0,4.0,0.0,0.0,0.0,0.0,1.8,15.0,0.0,KITZBUEHEL,12.389167,47.44389,772.0,2022,4
118,2.0,33.0,7.0,11.0,3.0,10.0,0.0,1.0,0.0,0.0,1.5,20.0,3.0,KITZBUEHEL,12.389167,47.44389,772.0,2022,5
118,7.0,33.0,8.0,10.0,1.0,6.0,0.0,0.0,0.0,0.0,1.6,19.0,2.0,KITZBUEHEL,12.389167,47.44389,772.0,2022,6
118,5.0,34.0,8.0,11.0,6.0,10.0,0.0,0.0,0.0,0.0,1.4,14.0,1.0,KITZBUEHEL,12.389167,47.44389,772.0,2022,7
118,0.0,34.0,11.0,10.0,5.0,6.0,0.0,0.0,0.0,0.0,1.4,16.0,3.0,KITZBUEHEL,12.389167,47.44389,772.0,2022,8
118,2.0,28.0,24.0,8.0,10.0,3.0,0.0,0.0,0.0,0.0,1.2,7.0,0.0,KITZBUEHEL,12.389167,47.44389,772.0,2022,9
118,0.0,12.0,35.0,5.0,10.0,9.0,0.0,0.0,0.0,0.0,1.0,3.0,0.0,KITZBUEHEL,12.389167,47.44389,772.0,2022,10
118,0.0,13.0,25.0,3.0,16.0,7.0,0.0,0.0,0.0,0.0,1.0,6.0,0.0,KITZBUEHEL,12.389167,47.44389,772.0,2022,11
11803,6.0,1.0,2.0,4.0,26.0,20.0,0.0,0.0,0.0,0.0,1.6,2.0,25.0,INNSBRUCK-UNIV.,11.384167,47.259998,578.0,2021,11
11803,14.0,3.0,0.0,0.0,34.0,28.0,0.0,0.0,0.0,0.0,1.8,2.0,10.0,INNSBRUCK-UNIV.,11.384167,47.259998,578.0,2021,12
11803,14.0,3.0,3.0,1.0,25.0,15.0,0.0,2.0,1.0,0.0,1.6,6.0,25.0,INNSBRUCK-UNIV.,11.384167,47.259998,578.0,2022,1
11803,10.0,3.0,4.0,1.0,11.0,25.0,1.0,4.0,3.0,3.0,2.5,4.0,21.0,INNSBRUCK-UNIV.,11.384167,47.259998,578.0,2022,2
11803,15.0,2.0,9.0,4.0,9.0,16.0,0.0,4.0,1.0,0.0,2.8,1.0,34.0,INNSBRUCK-UNIV.,11.384167,47.259998,578.0,2022,3
11803,13.0,3.0,5.0,2.0,9.0,13.0,0.0,3.0,2.0,0.0,3.0,5.0,38.0,INNSBRUCK-UNIV.,11.384167,47.259998,578.0,2022,4
11803,20.0,5.0,6.0,2.0,13.0,11.0,0.0,5.0,1.0,0.0,2.7,1.0,32.0,INNSBRUCK-UNIV.,11.384167,47.259998,578.0,2022,5
11803,16.0,5.0,4.0,0.0,11.0,16.0,0.0,3.0,2.0,2.0,3.1,4.0,34.0,INNSBRUCK-UNIV.,11.384167,47.259998,578.0,2022,6
11803,12.0,2.0,0.0,0.0,12.0,12.0,0.0,4.0,2.0,0.0,2.7,9.0,44.0,INNSBRUCK-UNIV.,11.384167,47.259998,578.0,2022,7
11803,20.0,1.0,1.0,2.0,15.0,13.0,0.0,1.0,0.0,0.0,2.7,2.0,39.0,INNSBRUCK-UNIV.,11.384167,47.259998,578.0,2022,8
11803,26.0,5.0,3.0,2.0,12.0,8.0,0.0,0.0,0.0,0.0,1.9,9.0,24.0,INNSBRUCK-UNIV.,11.384167,47.259998,578.0,2022,9
11803,11.0,5.0,1.0,0.0,27.0,26.0,0.0,1.0,0.0,0.0,1.7,6.0,15.0,INNSBRUCK-UNIV.,11.384167,47.259998,578.0,2022,10
11803,9.0,4.0,3.0,2.0,24.0,24.0,0.0,3.0,2.0,0.0,1.7,5.0,15.0,INNSBRUCK-UNIV.,11.384167,47.259998,578.0,2022,11
11804,2.0,1.0,7.0,15.0,14.0,31.0,0.0,0.0,0.0,0.0,1.7,0.0,16.0,INNSBRUCK-FLUGPLATZ,11.356667,47.259998,578.0,2021,11
11804,1.0,4.0,11.0,8.0,13.0,45.0,0.0,0.0,0.0,0.0,2.0,0.0,4.0,INNSBRUCK-FLUGPLATZ,11.356667,47.259998,578.0,2021,12
11804,0.0,3.0,18.0,15.0,10.0,25.0,1.0,4.0,3.0,3.0,1.9,1.0,14.0,INNSBRUCK-FLUGPLATZ,11.356667,47.259998,578.0,2022,1
11804,2.0,4.0,8.0,14.0,14.0,26.0,2.0,8.0,5.0,5.0,3.1,0.0,12.0,INNSBRUCK-FLUGPLATZ,11.356667,47.259998,578.0,2022,2
11804,7.0,0.0,10.0,18.0,5.0,24.0,0.0,3.0,2.0,1.0,3.0,1.0,23.0,INNSBRUCK-FLUGPLATZ,11.356667,47.259998,578.0,2022,3
11804,6.0,3.0,4.0,12.0,6.0,18.0,0.0,5.0,3.0,0.0,2.8,2.0,34.0,INNSBRUCK-FLUGPLATZ,11.356667,47.259998,578.0,2022,4
11804,9.0,5.0,7.0,12.0,1.0,22.0,0.0,4.0,2.0,2.0,2.4,4.0,27.0,INNSBRUCK-FLUGPLATZ,11.356667,47.259998,578.0,2022,5
11804,14.0,6.0,2.0,7.0,3.0,23.0,3.0,8.0,5.0,4.0,3.1,1.0,31.0,INNSBRUCK-FLUGPLATZ,11.356667,47.259998,578.0,2022,6
11804,14.0,7.0,3.0,7.0,2.0,21.0,1.0,6.0,5.0,4.0,2.7,2.0,33.0,INNSBRUCK-FLUGPLATZ,11.356667,47.259998,578.0,2022,7
11804,11.0,4.0,6.0,6.0,3.0,30.0,0.0,5.0,2.0,1.0,2.5,0.0,32.0,INNSBRUCK-FLUGPLATZ,11.356667,47.259998,578.0,2022,8
11804,6.0,4.0,6.0,15.0,8.0,21.0,0.0,4.0,1.0,1.0,1.9,3.0,19.0,INNSBRUCK-FLUGPLATZ,11.356667,47.259998,578.0,2022,9
11804,0.0,1.0,10.0,13.0,17.0,37.0,0.0,2.0,1.0,1.0,1.7,0.0,7.0,INNSBRUCK-FLUGPLATZ,11.356667,47.259998,578.0,2022,11
119,11.0,1.0,7.0,4.0,46.0,4.0,0.0,0.0,0.0,0.0,1.3,2.0,2.0,ST.ANTON AM ARLBERG,10.266666,47.13139,1304.1,2021,11
119,2.0,0.0,1.0,0.0,58.0,12.0,0.0,0.0,0.0,0.0,1.4,1.0,0.0,ST.ANTON AM ARLBERG,10.266666,47.13139,1304.1,2021,12
119,0.0,1.0,8.0,1.0,57.0,17.0,0.0,0.0,0.0,0.0,2.2,2.0,1.0,ST.ANTON AM ARLBERG,10.266666,47.13139,1304.1,2022,1
119,1.0,0.0,9.0,0.0,49.0,17.0,0.0,0.0,0.0,0.0,2.3,1.0,0.0,ST.ANTON AM ARLBERG,10.266666,47.13139,1304.1,2022,2
119,5.0,2.0,4.0,2.0,63.0,9.0,0.0,0.0,0.0,0.0,1.7,1.0,0.0,ST.ANTON AM ARLBERG,10.266666,47.13139,1304.1,2022,3
119,3.0,0.0,5.0,1.0,50.0,21.0,0.0,0.0,0.0,0.0,2.5,1.0,2.0,ST.ANTON AM ARLBERG,10.266666,47.13139,1304.1,2022,4
119,13.0,0.0,8.0,5.0,40.0,11.0,0.0,0.0,0.0,0.0,2.1,5.0,4.0,ST.ANTON AM ARLBERG,10.266666,47.13139,1304.1,2022,5
119,7.0,1.0,18.0,8.0,36.0,7.0,0.0,1.0,0.0,0.0,2.0,5.0,5.0,ST.ANTON AM ARLBERG,10.266666,47.13139,1304.1,2022,6
119,11.0,2.0,11.0,7.0,40.0,15.0,0.0,0.0,0.0,0.0,2.2,0.0,2.0,ST.ANTON AM ARLBERG,10.266666,47.13139,1304.1,2022,7
119,11.0,0.0,12.0,1.0,48.0,12.0,0.0,0.0,0.0,0.0,1.8,3.0,1.0,ST.ANTON AM ARLBERG,10.266666,47.13139,1304.1,2022,8
119,11.0,0.0,7.0,0.0,46.0,13.0,0.0,0.0,0.0,0.0,2.0,2.0,6.0,ST.ANTON AM ARLBERG,10.266666,47.13139,1304.1,2022,9
119,7.0,0.0,4.0,9.0,53.0,9.0,0.0,0.0,0.0,0.0,1.4,0.0,3.0,ST.ANTON AM ARLBERG,10.266666,47.13139,1304.1,2022,10
119,2.0,7.0,10.0,8.0,42.0,10.0,0.0,0.0,0.0,0.0,1.4,2.0,4.0,ST.ANTON AM ARLBERG,10.266666,47.13139,1304.1,2022,11
12015,14.0,5.0,3.0,5.0,17.0,12.0,0.0,0.0,0.0,0.0,1.3,1.0,32.0,ALPBACH,11.940278,47.396946,929.0,2021,11
12015,16.0,2.0,3.0,17.0,8.0,4.0,0.0,0.0,0.0,0.0,1.3,2.0,39.0,ALPBACH,11.940278,47.396946,929.0,2021,12
12015,8.0,1.0,6.0,24.0,10.0,8.0,0.0,0.0,0.0,0.0,1.4,2.0,33.0,ALPBACH,11.940278,47.396946,929.0,2022,1
12015,6.0,3.0,7.0,9.0,7.0,11.0,0.0,2.0,1.0,0.0,1.7,4.0,36.0,ALPBACH,11.940278,47.396946,929.0,2022,2
12015,3.0,0.0,1.0,4.0,19.0,6.0,0.0,0.0,0.0,0.0,2.2,0.0,60.0,ALPBACH,11.940278,47.396946,929.0,2022,3
12015,7.0,6.0,4.0,5.0,9.0,17.0,0.0,0.0,0.0,0.0,1.6,0.0,35.0,ALPBACH,11.940278,47.396946,929.0,2022,4
12015,2.0,1.0,2.0,4.0,9.0,18.0,0.0,0.0,0.0,0.0,1.5,0.0,47.0,ALPBACH,11.940278,47.396946,929.0,2022,5
12015,6.0,1.0,3.0,4.0,12.0,19.0,0.0,0.0,0.0,0.0,1.5,1.0,40.0,ALPBACH,11.940278,47.396946,929.0,2022,6
12015,3.0,0.0,2.0,1.0,19.0,11.0,0.0,0.0,0.0,0.0,1.6,1.0,52.0,ALPBACH,11.940278,47.396946,929.0,2022,7
12015,4.0,0.0,2.0,2.0,9.0,10.0,0.0,0.0,0.0,0.0,1.8,0.0,61.0,ALPBACH,11.940278,47.396946,929.0,2022,8
12015,1.0,2.0,0.0,6.0,10.0,20.0,0.0,0.0,0.0,0.0,1.4,0.0,46.0,ALPBACH,11.940278,47.396946,929.0,2022,9
12015,0.0,1.0,3.0,1.0,17.0,10.0,0.0,0.0,0.0,0.0,1.5,0.0,58.0,ALPBACH,11.940278,47.396946,929.0,2022,10
121,1.0,18.0,13.0,35.0,6.0,7.0,0.0,0.0,0.0,0.0,1.7,6.0,0.0,NAUDERS,10.496944,46.891109,1330.2,2021,11
121,1.0,8.0,10.0,52.0,2.0,2.0,0.0,0.0,0.0,0.0,1.8,7.0,0.0,NAUDERS,10.496944,46.891109,1330.2,2021,12
121,2.0,18.0,6.0,39.0,4.0,10.0,0.0,0.0,0.0,0.0,1.9,10.0,0.0,NAUDERS,10.496944,46.891109,1330.2,2022,1
121,1.0,10.0,12.0,31.0,4.0,9.0,0.0,1.0,0.0,0.0,2.0,10.0,2.0,NAUDERS,10.496944,46.891109,1330.2,2022,2
121,0.0,11.0,11.0,51.0,2.0,6.0,0.0,0.0,0.0,0.0,2.5,7.0,1.0,NAUDERS,10.496944,46.891109,1330.2,2022,3
121,0.0,23.0,10.0,25.0,0.0,4.0,0.0,0.0,0.0,0.0,2.6,22.0,2.0,NAUDERS,10.496944,46.891109,1330.2,2022,4
121,0.0,35.0,10.0,18.0,1.0,4.0,0.0,0.0,0.0,0.0,2.2,18.0,3.0,NAUDERS,10.496944,46.891109,1330.2,2022,5
121,1.0,30.0,16.0,19.0,1.0,3.0,0.0,0.0,0.0,0.0,2.3,16.0,1.0,NAUDERS,10.496944,46.891109,1330.2,2022,6
121,0.0,43.0,3.0,17.0,1.0,7.0,0.0,1.0,0.0,0.0,2.0,18.0,0.0,NAUDERS,10.496944,46.891109,1330.2,2022,7
121,1.0,40.0,6.0,25.0,1.0,5.0,0.0,0.0,0.0,0.0,2.1,15.0,0.0,NAUDERS,10.496944,46.891109,1330.2,2022,8
121,0.0,30.0,6.0,31.0,5.0,7.0,0.0,0.0,0.0,0.0,2.0,8.0,0.0,NAUDERS,10.496944,46.891109,1330.2,2022,9
121,0.0,15.0,7.0,58.0,3.0,3.0,0.0,1.0,0.0,0.0,2.3,4.0,0.0,NAUDERS,10.496944,46.891109,1330.2,2022,10
121,0.0,16.0,7.0,43.0,3.0,8.0,0.0,0.0,0.0,0.0,2.2,7.0,2.0,NAUDERS,10.496944,46.891109,1330.2,2022,11
12203,0.0,22.0,16.0,9.0,10.0,2.0,0.0,0.0,0.0,0.0,1.0,8.0,0.0,KITZBUEHEL,12.389167,47.44389,772.0,2021,11
12203,0.0,10.0,28.0,19.0,7.0,7.0,0.0,0.0,0.0,0.0,0.9,3.0,0.0,KITZBUEHEL,12.389167,47.44389,772.0,2021,12
12203,0.0,17.0,19.0,10.0,7.0,8.0,0.0,0.0,0.0,0.0,1.1,11.0,0.0,KITZBUEHEL,12.389167,47.44389,772.0,2022,1
12203,0.0,21.0,28.0,5.0,7.0,7.0,0.0,1.0,0.0,0.0,1.4,2.0,0.0,KITZBUEHEL,12.389167,47.44389,772.0,2022,2
12203,0.0,30.0,20.0,4.0,5.0,8.0,0.0,0.0,0.0,0.0,1.5,6.0,0.0,KITZBUEHEL,12.389167,47.44389,772.0,2022,3
12203,1.0,40.0,12.0,5.0,2.0,4.0,0.0,0.0,0.0,0.0,1.8,15.0,0.0,KITZBUEHEL,12.389167,47.44389,772.0,2022,4
12203,2.0,33.0,7.0,11.0,3.0,10.0,0.0,1.0,0.0,0.0,1.5,20.0,3.0,KITZBUEHEL,12.389167,47.44389,772.0,2022,5
12203,7.0,33.0,8.0,10.0,1.0,6.0,0.0,0.0,0.0,0.0,1.6,19.0,2.0,KITZBUEHEL,12.389167,47.44389,772.0,2022,6
12203,5.0,34.0,8.0,11.0,6.0,10.0,0.0,0.0,0.0,0.0,1.4,14.0,1.0,KITZBUEHEL,12.389167,47.44389,772.0,2022,7
12203,0.0,34.0,11.0,10.0,5.0,6.0,0.0,0.0,0.0,0.0,1.4,16.0,3.0,KITZBUEHEL,12.389167,47.44389,772.0,2022,8
12203,2.0,28.0,24.0,8.0,10.0,3.0,0.0,0.0,0.0,0.0,1.2,7.0,0.0,KITZBUEHEL,12.389167,47.44389,772.0,2022,9
12203,0.0,12.0,35.0,5.0,10.0,9.0,0.0,0.0,0.0,0.0,1.0,3.0,0.0,KITZBUEHEL,12.389167,47.44389,772.0,2022,10
12203,0.0,13.0,25.0,3.0,16.0,7.0,0.0,0.0,0.0,0.0,1.0,6.0,0.0,KITZBUEHEL,12.389167,47.44389,772.0,2022,11
12215,5.0,6.0,11.0,9.0,10.0,34.0,0.0,1.0,0.0,0.0,2.5,2.0,12.0,HAHNENKAMM-EHRENBACHHOEHE,12.359167,47.418335,1793.8,2021,11
12215,3.0,3.0,8.0,0.0,15.0,60.0,0.0,3.0,1.0,1.0,2.9,2.0,2.0,HAHNENKAMM-EHRENBACHHOEHE,12.359167,47.418335,1793.8,2021,12
12215,4.0,7.0,1.0,1.0,19.0,58.0,0.0,6.0,3.0,1.0,2.9,3.0,0.0,HAHNENKAMM-EHRENBACHHOEHE,12.359167,47.418335,1793.8,2022,1
12215,4.0,8.0,2.0,3.0,14.0,50.0,0.0,7.0,2.0,0.0,3.0,1.0,2.0,HAHNENKAMM-EHRENBACHHOEHE,12.359167,47.418335,1793.8,2022,2
12215,4.0,8.0,12.0,5.0,10.0,15.0,0.0,0.0,0.0,0.0,2.3,24.0,13.0,HAHNENKAMM-EHRENBACHHOEHE,12.359167,47.418335,1793.8,2022,3
12215,9.0,14.0,3.0,2.0,13.0,31.0,0.0,1.0,0.0,0.0,2.3,11.0,7.0,HAHNENKAMM-EHRENBACHHOEHE,12.359167,47.418335,1793.8,2022,4
12215,16.0,12.0,1.0,0.0,12.0,25.0,0.0,1.0,0.0,0.0,2.2,15.0,11.0,HAHNENKAMM-EHRENBACHHOEHE,12.359167,47.418335,1793.8,2022,5
12215,14.0,15.0,1.0,2.0,8.0,24.0,0.0,4.0,0.0,0.0,2.3,17.0,9.0,HAHNENKAMM-EHRENBACHHOEHE,12.359167,47.418335,1793.8,2022,6
12215,13.0,16.0,1.0,1.0,8.0,37.0,0.0,0.0,0.0,0.0,2.2,11.0,5.0,HAHNENKAMM-EHRENBACHHOEHE,12.359167,47.418335,1793.8,2022,7
12215,16.0,13.0,1.0,7.0,2.0,25.0,0.0,1.0,1.0,0.0,2.0,22.0,7.0,HAHNENKAMM-EHRENBACHHOEHE,12.359167,47.418335,1793.8,2022,8
12215,4.0,4.0,3.0,4.0,9.0,50.0,0.0,0.0,0.0,0.0,1.9,9.0,5.0,HAHNENKAMM-EHRENBACHHOEHE,12.359167,47.418335,1793.8,2022,9
12215,10.0,4.0,10.0,4.0,19.0,31.0,0.0,1.0,1.0,0.0,2.4,7.0,3.0,HAHNENKAMM-EHRENBACHHOEHE,12.359167,47.418335,1793.8,2022,10
12215,2.0,3.0,10.0,6.0,20.0,31.0,0.0,2.0,0.0,0.0,2.4,7.0,9.0,HAHNENKAMM-EHRENBACHHOEHE,12.359167,47.418335,1793.8,2022,11
12351,1.0,3.0,0.0,16.0,10.0,22.0,0.0,0.0,0.0,0.0,2.5,1.0,35.0,HOCHFILZEN,12.621111,47.470276,962.0,2021,11
12351,0.0,8.0,0.0,7.0,5.0,22.0,0.0,1.0,0.0,0.0,2.4,1.0,48.0,HOCHFILZEN,12.621111,47.470276,962.0,2021,12
12351,1.0,16.0,0.0,5.0,8.0,21.0,0.0,0.0,0.0,0.0,2.7,1.0,38.0,HOCHFILZEN,12.621111,47.470276,962.0,2022,1
12351,1.0,11.0,0.0,7.0,4.0,23.0,0.0,3.0,2.0,1.0,3.2,0.0,35.0,HOCHFILZEN,12.621111,47.470276,962.0,2022,2
12351,2.0,7.0,2.0,25.0,7.0,9.0,0.0,0.0,0.0,0.0,2.8,0.0,37.0,HOCHFILZEN,12.621111,47.470276,962.0,2022,3
12351,1.0,15.0,3.0,13.0,6.0,27.0,0.0,0.0,0.0,0.0,2.4,1.0,20.0,HOCHFILZEN,12.621111,47.470276,962.0,2022,4
12351,3.0,18.0,1.0,24.0,12.0,22.0,0.0,2.0,2.0,0.0,2.6,0.0,12.0,HOCHFILZEN,12.621111,47.470276,962.0,2022,5
12351,1.0,25.0,2.0,21.0,7.0,14.0,0.0,4.0,3.0,1.0,2.6,2.0,16.0,HOCHFILZEN,12.621111,47.470276,962.0,2022,6
12351,4.0,31.0,0.0,14.0,6.0,16.0,0.0,1.0,1.0,0.0,2.3,1.0,17.0,HOCHFILZEN,12.621111,47.470276,962.0,2022,7
12351,8.0,19.0,1.0,10.0,12.0,17.0,0.0,1.0,0.0,0.0,2.2,2.0,22.0,HOCHFILZEN,12.621111,47.470276,962.0,2022,8
12351,3.0,12.0,1.0,11.0,18.0,23.0,0.0,1.0,1.0,0.0,2.1,1.0,18.0,HOCHFILZEN,12.621111,47.470276,962.0,2022,9
12351,1.0,2.0,0.0,15.0,20.0,11.0,0.0,0.0,0.0,0.0,2.6,0.0,43.0,HOCHFILZEN,12.621111,47.470276,962.0,2022,10
12351,1.0,3.0,0.0,24.0,9.0,16.0,0.0,0.0,0.0,0.0,2.8,0.0,35.0,HOCHFILZEN,12.621111,47.470276,962.0,2022,11
126,15.0,1.0,3.0,2.0,19.0,28.0,0.0,0.0,0.0,0.0,1.5,0.0,16.0,HAIMING,10.889444,47.259724,659.0,2021,11
126,8.0,0.0,2.0,2.0,26.0,23.0,0.0,0.0,0.0,0.0,1.5,0.0,16.0,HAIMING,10.889444,47.259724,659.0,2021,12
126,8.0,4.0,4.0,5.0,25.0,27.0,0.0,0.0,0.0,0.0,1.6,0.0,14.0,HAIMING,10.889444,47.259724,659.0,2022,1
126,4.0,3.0,2.0,2.0,21.0,25.0,0.0,4.0,2.0,2.0,2.4,1.0,21.0,HAIMING,10.889444,47.259724,659.0,2022,2
126,12.0,0.0,0.0,1.0,15.0,10.0,0.0,0.0,0.0,0.0,2.4,6.0,42.0,HAIMING,10.889444,47.259724,659.0,2022,3
126,18.0,5.0,4.0,6.0,13.0,8.0,0.0,4.0,1.0,0.0,2.7,6.0,25.0,HAIMING,10.889444,47.259724,659.0,2022,4
126,27.0,2.0,1.0,1.0,6.0,15.0,0.0,3.0,1.0,0.0,2.4,5.0,29.0,HAIMING,10.889444,47.259724,659.0,2022,6
126,19.0,2.0,2.0,3.0,12.0,10.0,0.0,0.0,0.0,0.0,2.3,5.0,34.0,HAIMING,10.889444,47.259724,659.0,2022,7
126,13.0,2.0,1.0,2.0,8.0,10.0,0.0,0.0,0.0,0.0,2.2,12.0,31.0,HAIMING,10.889444,47.259724,659.0,2022,8
126,18.0,2.0,1.0,3.0,15.0,15.0,0.0,1.0,0.0,0.0,1.6,2.0,26.0,HAIMING,10.889444,47.259724,659.0,2022,9
126,7.0,1.0,4.0,11.0,18.0,30.0,0.0,0.0,0.0,0.0,1.3,1.0,9.0,HAIMING,10.889444,47.259724,659.0,2022,10
126,6.0,0.0,1.0,7.0,23.0,26.0,0.0,1.0,0.0,0.0,1.4,0.0,20.0,HAIMING,10.889444,47.259724,659.0,2022,11
127,10.0,2.0,47.0,8.0,6.0,0.0,0.0,0.0,0.0,0.0,1.1,1.0,12.0,RINN,11.503889,47.249168,924.0,2021,11
127,5.0,0.0,54.0,8.0,5.0,5.0,0.0,0.0,0.0,0.0,1.1,2.0,5.0,RINN,11.503889,47.249168,924.0,2021,12
127,1.0,1.0,53.0,7.0,10.0,6.0,0.0,0.0,0.0,0.0,1.4,2.0,10.0,RINN,11.503889,47.249168,924.0,2022,1
127,4.0,2.0,37.0,5.0,15.0,8.0,0.0,0.0,0.0,0.0,1.9,1.0,9.0,RINN,11.503889,47.249168,924.0,2022,2
127,4.0,1.0,43.0,13.0,1.0,1.0,0.0,0.0,0.0,0.0,1.8,2.0,26.0,RINN,11.503889,47.249168,924.0,2022,3
127,13.0,2.0,19.0,6.0,7.0,8.0,0.0,1.0,0.0,0.0,1.9,2.0,29.0,RINN,11.503889,47.249168,924.0,2022,4
127,24.0,10.0,9.0,5.0,0.0,2.0,0.0,0.0,0.0,0.0,1.6,3.0,34.0,RINN,11.503889,47.249168,924.0,2022,5
127,27.0,3.0,4.0,5.0,5.0,2.0,0.0,1.0,1.0,0.0,1.7,6.0,31.0,RINN,11.503889,47.249168,924.0,2022,6
127,29.0,4.0,12.0,9.0,1.0,2.0,0.0,0.0,0.0,0.0,1.9,7.0,26.0,RINN,11.503889,47.249168,924.0,2022,7
127,18.0,0.0,16.0,13.0,2.0,3.0,0.0,0.0,0.0,0.0,1.7,1.0,31.0,RINN,11.503889,47.249168,924.0,2022,8
127,15.0,0.0,41.0,5.0,5.0,1.0,0.0,0.0,0.0,0.0,1.2,3.0,14.0,RINN,11.503889,47.249168,924.0,2022,9
127,0.0,2.0,62.0,7.0,2.0,0.0,0.0,0.0,0.0,0.0,1.2,4.0,13.0,RINN,11.503889,47.249168,924.0,2022,10
127,5.0,2.0,55.0,4.0,11.0,2.0,0.0,1.0,1.0,0.0,1.2,0.0,8.0,RINN,11.503889,47.249168,924.0,2022,11
130,9.0,0.0,2.0,3.0,22.0,19.0,0.0,0.0,0.0,0.0,1.6,0.0,27.0,SILLIAN,12.423611,46.746387,1081.4,2021,11
130,4.0,0.0,1.0,0.0,24.0,46.0,0.0,0.0,0.0,0.0,1.4,0.0,8.0,SILLIAN,12.423611,46.746387,1081.4,2021,12
130,3.0,1.0,2.0,2.0,30.0,40.0,0.0,0.0,0.0,0.0,1.5,0.0,7.0,SILLIAN,12.423611,46.746387,1081.4,2022,1
130,5.0,2.0,0.0,2.0,15.0,37.0,0.0,0.0,0.0,0.0,2.1,0.0,10.0,SILLIAN,12.423611,46.746387,1081.4,2022,2
130,1.0,0.0,0.0,1.0,13.0,32.0,0.0,0.0,0.0,0.0,2.1,0.0,43.0,SILLIAN,12.423611,46.746387,1081.4,2022,3
130,9.0,4.0,1.0,3.0,10.0,18.0,0.0,0.0,0.0,0.0,2.0,0.0,38.0,SILLIAN,12.423611,46.746387,1081.4,2022,4
130,8.0,0.0,1.0,2.0,7.0,23.0,0.0,0.0,0.0,0.0,2.2,2.0,47.0,SILLIAN,12.423611,46.746387,1081.4,2022,5
130,3.0,4.0,2.0,5.0,8.0,25.0,0.0,1.0,0.0,0.0,1.8,3.0,34.0,SILLIAN,12.423611,46.746387,1081.4,2022,6
130,7.0,2.0,1.0,2.0,7.0,28.0,0.0,0.0,0.0,0.0,2.0,0.0,41.0,SILLIAN,12.423611,46.746387,1081.4,2022,7
130,7.0,0.0,0.0,2.0,8.0,24.0,0.0,0.0,0.0,0.0,1.8,0.0,49.0,SILLIAN,12.423611,46.746387,1081.4,2022,8
130,5.0,1.0,2.0,2.0,14.0,24.0,0.0,0.0,0.0,0.0,1.7,1.0,33.0,SILLIAN,12.423611,46.746387,1081.4,2022,9
130,4.0,0.0,0.0,2.0,20.0,38.0,0.0,0.0,0.0,0.0,1.5,0.0,17.0,SILLIAN,12.423611,46.746387,1081.4,2022,10
130,7.0,0.0,0.0,2.0,20.0,30.0,0.0,0.0,0.0,0.0,1.5,0.0,19.0,SILLIAN,12.423611,46.746387,1081.4,2022,11
136,1.0,17.0,6.0,32.0,6.0,14.0,0.0,0.0,0.0,0.0,1.1,0.0,3.0,UMHAUSEN,10.928889,47.139168,1035.0,2021,11
136,0.0,7.0,17.0,52.0,4.0,4.0,0.0,0.0,0.0,0.0,1.0,0.0,0.0,UMHAUSEN,10.928889,47.139168,1035.0,2021,12
136,0.0,13.0,5.0,51.0,1.0,4.0,0.0,0.0,0.0,0.0,1.3,4.0,6.0,UMHAUSEN,10.928889,47.139168,1035.0,2022,1
136,1.0,22.0,8.0,33.0,1.0,3.0,0.0,3.0,2.0,1.0,1.8,4.0,5.0,UMHAUSEN,10.928889,47.139168,1035.0,2022,2
136,1.0,33.0,3.0,47.0,0.0,2.0,0.0,0.0,0.0,0.0,2.0,1.0,4.0,UMHAUSEN,10.928889,47.139168,1035.0,2022,3
136,0.0,51.0,6.0,22.0,1.0,1.0,0.0,1.0,0.0,0.0,2.7,2.0,3.0,UMHAUSEN,10.928889,47.139168,1035.0,2022,4
136,2.0,53.0,6.0,13.0,1.0,2.0,0.0,1.0,1.0,0.0,2.2,2.0,6.0,UMHAUSEN,10.928889,47.139168,1035.0,2022,5
136,2.0,41.0,7.0,21.0,3.0,2.0,0.0,1.0,1.0,0.0,2.2,3.0,6.0,UMHAUSEN,10.928889,47.139168,1035.0,2022,6
136,1.0,31.0,4.0,23.0,2.0,7.0,0.0,0.0,0.0,0.0,1.5,2.0,11.0,UMHAUSEN,10.928889,47.139168,1035.0,2022,9
136,0.0,16.0,2.0,43.0,1.0,14.0,0.0,0.0,0.0,0.0,1.1,1.0,9.0,UMHAUSEN,10.928889,47.139168,1035.0,2022,10
136,0.0,13.0,4.0,42.0,3.0,11.0,0.0,0.0,0.0,0.0,1.1,2.0,2.0,UMHAUSEN,10.928889,47.139168,1035.0,2022,11
142,10.0,0.0,1.0,1.0,21.0,39.0,0.0,0.0,0.0,0.0,1.6,0.0,8.0,KUFSTEIN,12.162778,47.575279,490.0,2021,12
142,24.0,0.0,4.0,5.0,16.0,27.0,0.0,0.0,0.0,0.0,1.4,0.0,7.0,KUFSTEIN,12.162778,47.575279,490.0,2022,1
142,21.0,3.0,0.0,0.0,21.0,26.0,0.0,2.0,1.0,0.0,1.9,2.0,4.0,KUFSTEIN,12.162778,47.575279,490.0,2022,2
142,52.0,1.0,3.0,1.0,8.0,13.0,0.0,0.0,0.0,0.0,2.2,0.0,10.0,KUFSTEIN,12.162778,47.575279,490.0,2022,3
142,45.0,0.0,2.0,4.0,11.0,9.0,0.0,0.0,0.0,0.0,2.4,3.0,12.0,KUFSTEIN,12.162778,47.575279,490.0,2022,4
142,48.0,0.0,0.0,0.0,9.0,17.0,0.0,0.0,0.0,0.0,2.2,0.0,16.0,KUFSTEIN,12.162778,47.575279,490.0,2022,5
142,40.0,1.0,1.0,3.0,14.0,20.0,0.0,0.0,0.0,0.0,2.2,1.0,8.0,KUFSTEIN,12.162778,47.575279,490.0,2022,6
142,47.0,0.0,2.0,1.0,12.0,16.0,0.0,0.0,0.0,0.0,2.2,1.0,10.0,KUFSTEIN,12.162778,47.575279,490.0,2022,7
142,50.0,0.0,3.0,1.0,14.0,11.0,0.0,0.0,0.0,0.0,2.2,2.0,9.0,KUFSTEIN,12.162778,47.575279,490.0,2022,8
142,38.0,2.0,0.0,2.0,5.0,23.0,0.0,0.0,0.0,0.0,1.7,0.0,9.0,KUFSTEIN,12.162778,47.575279,490.0,2022,9
142,19.0,1.0,2.0,1.0,14.0,43.0,0.0,0.0,0.0,0.0,1.9,0.0,6.0,KUFSTEIN,12.162778,47.575279,490.0,2022,10
142,10.0,1.0,2.0,0.0,14.0,42.0,0.0,0.0,0.0,0.0,1.4,0.0,8.0,KUFSTEIN,12.162778,47.575279,490.0,2022,11
14302,11.0,1.0,7.0,4.0,46.0,4.0,0.0,0.0,0.0,0.0,1.3,2.0,2.0,ST.ANTON AM ARLBERG,10.266666,47.13139,1304.1,2021,11
14302,2.0,0.0,1.0,0.0,58.0,12.0,0.0,0.0,0.0,0.0,1.4,1.0,0.0,ST.ANTON AM ARLBERG,10.266666,47.13139,1304.1,2021,12
14302,0.0,1.0,8.0,1.0,57.0,17.0,0.0,0.0,0.0,0.0,2.2,2.0,1.0,ST.ANTON AM ARLBERG,10.266666,47.13139,1304.1,2022,1
14302,1.0,0.0,9.0,0.0,49.0,17.0,0.0,0.0,0.0,0.0,2.3,1.0,0.0,ST.ANTON AM ARLBERG,10.266666,47.13139,1304.1,2022,2
14302,5.0,2.0,4.0,2.0,63.0,9.0,0.0,0.0,0.0,0.0,1.7,1.0,0.0,ST.ANTON AM ARLBERG,10.266666,47.13139,1304.1,2022,3
14302,3.0,0.0,5.0,1.0,50.0,21.0,0.0,0.0,0.0,0.0,2.5,1.0,2.0,ST.ANTON AM ARLBERG,10.266666,47.13139,1304.1,2022,4
14302,13.0,0.0,8.0,5.0,40.0,11.0,0.0,0.0,0.0,0.0,2.1,5.0,4.0,ST.ANTON AM ARLBERG,10.266666,47.13139,1304.1,2022,5
14302,7.0,1.0,18.0,8.0,36.0,7.0,0.0,1.0,0.0,0.0,2.0,5.0,5.0,ST.ANTON AM ARLBERG,10.266666,47.13139,1304.1,2022,6
14302,11.0,2.0,11.0,7.0,40.0,15.0,0.0,0.0,0.0,0.0,2.2,0.0,2.0,ST.ANTON AM ARLBERG,10.266666,47.13139,1304.1,2022,7
14302,11.0,0.0,12.0,1.0,48.0,12.0,0.0,0.0,0.0,0.0,1.8,3.0,1.0,ST.ANTON AM ARLBERG,10.266666,47.13139,1304.1,2022,8
14302,11.0,0.0,7.0,0.0,46.0,13.0,0.0,0.0,0.0,0.0,2.0,2.0,6.0,ST.ANTON AM ARLBERG,10.266666,47.13139,1304.1,2022,9
14302,7.0,0.0,4.0,9.0,53.0,9.0,0.0,0.0,0.0,0.0,1.4,0.0,3.0,ST.ANTON AM ARLBERG,10.266666,47.13139,1304.1,2022,10
14302,2.0,7.0,10.0,8.0,42.0,10.0,0.0,0.0,0.0,0.0,1.4,2.0,4.0,ST.ANTON AM ARLBERG,10.266666,47.13139,1304.1,2022,11
14305,1.0,8.0,2.0,2.0,3.0,33.0,0.0,3.0,1.0,0.0,5.2,0.0,41.0,GALZIG,10.230278,47.129723,2079.0,2021,11
14305,1.0,14.0,1.0,0.0,4.0,59.0,0.0,12.0,8.0,3.0,6.4,1.0,13.0,GALZIG,10.230278,47.129723,2079.0,2021,12
14305,1.0,10.0,0.0,0.0,1.0,60.0,1.0,13.0,9.0,4.0,7.2,0.0,21.0,GALZIG,10.230278,47.129723,2079.0,2022,1
14305,0.0,5.0,1.0,1.0,4.0,59.0,5.0,16.0,9.0,6.0,8.5,1.0,13.0,GALZIG,10.230278,47.129723,2079.0,2022,2
14305,2.0,18.0,2.0,1.0,4.0,30.0,0.0,0.0,0.0,0.0,4.4,1.0,33.0,GALZIG,10.230278,47.129723,2079.0,2022,3
14305,0.0,28.0,3.0,1.0,4.0,44.0,0.0,7.0,3.0,3.0,6.1,1.0,9.0,GALZIG,10.230278,47.129723,2079.0,2022,4
14305,3.0,11.0,6.0,0.0,1.0,59.0,1.0,3.0,2.0,2.0,4.8,2.0,11.0,GALZIG,10.230278,47.129723,2079.0,2022,5
14305,1.0,7.0,1.0,2.0,2.0,57.0,2.0,12.0,8.0,2.0,5.0,1.0,18.0,GALZIG,10.230278,47.129723,2079.0,2022,6
14305,0.0,13.0,0.0,0.0,0.0,67.0,0.0,7.0,3.0,1.0,5.3,1.0,11.0,GALZIG,10.230278,47.129723,2079.0,2022,7
14305,0.0,15.0,0.0,0.0,0.0,62.0,0.0,3.0,2.0,2.0,4.8,0.0,15.0,GALZIG,10.230278,47.129723,2079.0,2022,8
14305,3.0,4.0,1.0,1.0,2.0,66.0,0.0,6.0,1.0,1.0,4.9,0.0,12.0,GALZIG,10.230278,47.129723,2079.0,2022,9
14305,1.0,10.0,2.0,1.0,7.0,47.0,0.0,2.0,0.0,0.0,3.9,0.0,24.0,GALZIG,10.230278,47.129723,2079.0,2022,10
14305,0.0,12.0,0.0,4.0,2.0,41.0,0.0,6.0,2.0,1.0,4.6,0.0,31.0,GALZIG,10.230278,47.129723,2079.0,2022,11
14308,8.0,8.0,10.0,16.0,21.0,6.0,0.0,3.0,2.0,1.0,4.8,6.0,15.0,VALLUGA,10.212778,47.157501,2805.0,2021,11
14308,4.0,10.0,12.0,2.0,42.0,8.0,0.0,14.0,6.0,5.0,6.7,13.0,2.0,VALLUGA,10.212778,47.157501,2805.0,2021,12
14308,16.0,7.0,5.0,0.0,45.0,9.0,1.0,13.0,9.0,4.0,6.4,5.0,6.0,VALLUGA,10.212778,47.157501,2805.0,2022,1
14308,2.0,1.0,7.0,5.0,47.0,12.0,2.0,21.0,13.0,8.0,7.3,4.0,6.0,VALLUGA,10.212778,47.157501,2805.0,2022,2
14308,12.0,4.0,16.0,21.0,11.0,9.0,0.0,5.0,1.0,1.0,4.3,11.0,9.0,VALLUGA,10.212778,47.157501,2805.0,2022,3
14308,3.0,6.0,16.0,7.0,39.0,9.0,1.0,9.0,4.0,4.0,4.7,6.0,4.0,VALLUGA,10.212778,47.157501,2805.0,2022,4
14308,10.0,4.0,15.0,4.0,44.0,10.0,0.0,6.0,4.0,1.0,4.1,5.0,1.0,VALLUGA,10.212778,47.157501,2805.0,2022,5
14308,2.0,4.0,10.0,14.0,44.0,12.0,0.0,10.0,6.0,3.0,3.9,2.0,2.0,VALLUGA,10.212778,47.157501,2805.0,2022,6
14308,1.0,6.0,12.0,3.0,43.0,26.0,0.0,3.0,1.0,0.0,3.2,1.0,1.0,VALLUGA,10.212778,47.157501,2805.0,2022,7
14308,3.0,14.0,7.0,3.0,39.0,18.0,0.0,1.0,0.0,0.0,2.6,7.0,1.0,VALLUGA,10.212778,47.157501,2805.0,2022,8
14308,0.0,2.0,16.0,8.0,53.0,10.0,0.0,8.0,4.0,2.0,4.6,0.0,1.0,VALLUGA,10.212778,47.157501,2805.0,2022,9
14308,0.0,2.0,21.0,22.0,40.0,5.0,0.0,7.0,3.0,1.0,5.1,1.0,2.0,VALLUGA,10.212778,47.157501,2805.0,2022,10
14308,5.0,8.0,18.0,14.0,30.0,6.0,0.0,7.0,5.0,0.0,5.4,5.0,4.0,VALLUGA,10.212778,47.157501,2805.0,2022,11
14403,9.0,4.0,33.0,14.0,11.0,6.0,0.0,0.0,0.0,0.0,1.8,7.0,1.0,LANDECK,10.563611,47.140278,796.0,2021,11
14403,1.0,1.0,42.0,8.0,20.0,13.0,0.0,0.0,0.0,0.0,2.3,5.0,1.0,LANDECK,10.563611,47.140278,796.0,2021,12
14403,4.0,2.0,40.0,16.0,16.0,8.0,0.0,0.0,0.0,0.0,2.5,5.0,1.0,LANDECK,10.563611,47.140278,796.0,2022,1
14403,5.0,1.0,38.0,5.0,16.0,8.0,0.0,1.0,0.0,0.0,2.4,9.0,0.0,LANDECK,10.563611,47.140278,796.0,2022,2
14403,12.0,1.0,28.0,11.0,17.0,8.0,0.0,0.0,0.0,0.0,1.9,11.0,4.0,LANDECK,10.563611,47.140278,796.0,2022,3
14403,17.0,9.0,21.0,8.0,11.0,3.0,0.0,0.0,0.0,0.0,2.2,19.0,1.0,LANDECK,10.563611,47.140278,796.0,2022,4
14403,15.0,10.0,16.0,11.0,10.0,9.0,0.0,0.0,0.0,0.0,2.0,18.0,4.0,LANDECK,10.563611,47.140278,796.0,2022,5
14403,12.0,7.0,21.0,11.0,13.0,3.0,0.0,0.0,0.0,0.0,1.8,15.0,1.0,LANDECK,10.563611,47.140278,796.0,2022,6
14403,21.0,2.0,17.0,18.0,7.0,3.0,0.0,0.0,0.0,0.0,2.1,18.0,2.0,LANDECK,10.563611,47.140278,796.0,2022,7
14403,24.0,3.0,21.0,11.0,5.0,7.0,0.0,0.0,0.0,0.0,1.8,18.0,2.0,LANDECK,10.563611,47.140278,796.0,2022,8
14403,8.0,9.0,26.0,12.0,11.0,9.0,0.0,0.0,0.0,0.0,1.6,9.0,1.0,LANDECK,10.563611,47.140278,796.0,2022,9
14403,8.0,2.0,45.0,13.0,15.0,3.0,0.0,0.0,0.0,0.0,1.6,6.0,0.0,LANDECK,10.563611,47.140278,796.0,2022,10
14403,4.0,5.0,27.0,25.0,16.0,3.0,0.0,0.0,0.0,0.0,1.7,7.0,0.0,LANDECK,10.563611,47.140278,796.0,2022,11
14513,16.0,4.0,24.0,4.0,9.0,0.0,0.0,0.0,0.0,0.0,1.1,23.0,3.0,IMST,10.742222,47.236946,773.0,2021,11
14513,28.0,3.0,3.0,7.0,5.0,0.0,0.0,0.0,0.0,0.0,0.9,28.0,1.0,IMST,10.742222,47.236946,773.0,2021,12
14513,22.0,6.0,6.0,3.0,6.0,0.0,0.0,0.0,0.0,0.0,1.1,33.0,5.0,IMST,10.742222,47.236946,773.0,2022,1
14513,16.0,3.0,12.0,4.0,5.0,1.0,0.0,1.0,0.0,0.0,1.2,25.0,5.0,IMST,10.742222,47.236946,773.0,2022,2
14513,21.0,10.0,17.0,9.0,3.0,2.0,0.0,0.0,0.0,0.0,1.3,18.0,5.0,IMST,10.742222,47.236946,773.0,2022,3
14513,29.0,5.0,17.0,6.0,6.0,1.0,0.0,0.0,0.0,0.0,1.7,24.0,1.0,IMST,10.742222,47.236946,773.0,2022,4
14513,23.0,4.0,14.0,8.0,3.0,2.0,0.0,0.0,0.0,0.0,1.3,22.0,9.0,IMST,10.742222,47.236946,773.0,2022,5
14513,20.0,5.0,15.0,8.0,6.0,1.0,0.0,0.0,0.0,0.0,1.4,18.0,13.0,IMST,10.742222,47.236946,773.0,2022,6
14513,31.0,5.0,13.0,17.0,2.0,1.0,0.0,0.0,0.0,0.0,1.6,16.0,6.0,IMST,10.742222,47.236946,773.0,2022,7
14513,41.0,4.0,16.0,7.0,1.0,1.0,0.0,0.0,0.0,0.0,1.5,18.0,2.0,IMST,10.742222,47.236946,773.0,2022,8
14513,16.0,7.0,14.0,8.0,6.0,1.0,0.0,0.0,0.0,0.0,1.2,24.0,5.0,IMST,10.742222,47.236946,773.0,2022,9
14513,15.0,6.0,15.0,7.0,2.0,2.0,0.0,0.0,0.0,0.0,0.9,24.0,7.0,IMST,10.742222,47.236946,773.0,2022,10
14513,18.0,0.0,18.0,8.0,5.0,1.0,0.0,0.0,0.0,0.0,1.0,19.0,9.0,IMST,10.742222,47.236946,773.0,2022,11
146,12.0,0.0,2.0,5.0,24.0,40.0,0.0,0.0,0.0,0.0,1.4,1.0,5.0,HOLZGAU,10.338611,47.2575,1092.0,2021,11
146,1.0,2.0,1.0,1.0,18.0,51.0,0.0,0.0,0.0,0.0,1.1,1.0,4.0,HOLZGAU,10.338611,47.2575,1092.0,2021,12
146,5.0,4.0,1.0,1.0,13.0,59.0,0.0,0.0,0.0,0.0,1.7,1.0,3.0,HOLZGAU,10.338611,47.2575,1092.0,2022,1
146,1.0,3.0,2.0,3.0,27.0,38.0,0.0,1.0,0.0,0.0,1.6,0.0,5.0,HOLZGAU,10.338611,47.2575,1092.0,2022,2
146,12.0,0.0,1.0,7.0,12.0,43.0,0.0,0.0,0.0,0.0,1.6,2.0,13.0,HOLZGAU,10.338611,47.2575,1092.0,2022,3
146,19.0,2.0,0.0,1.0,32.0,14.0,0.0,0.0,0.0,0.0,2.0,6.0,13.0,HOLZGAU,10.338611,47.2575,1092.0,2022,4
146,24.0,1.0,2.0,2.0,26.0,17.0,0.0,0.0,0.0,0.0,1.7,6.0,7.0,HOLZGAU,10.338611,47.2575,1092.0,2022,5
146,21.0,5.0,1.0,0.0,16.0,20.0,0.0,1.0,0.0,0.0,1.9,8.0,14.0,HOLZGAU,10.338611,47.2575,1092.0,2022,6
146,30.0,1.0,0.0,2.0,17.0,21.0,0.0,0.0,0.0,0.0,1.9,4.0,8.0,HOLZGAU,10.338611,47.2575,1092.0,2022,7
146,32.0,0.0,1.0,3.0,11.0,21.0,0.0,0.0,0.0,0.0,1.8,3.0,15.0,HOLZGAU,10.338611,47.2575,1092.0,2022,8
146,14.0,5.0,0.0,1.0,19.0,29.0,0.0,0.0,0.0,0.0,1.4,7.0,4.0,HOLZGAU,10.338611,47.2575,1092.0,2022,9
146,9.0,1.0,3.0,2.0,16.0,49.0,0.0,0.0,0.0,0.0,1.2,1.0,9.0,HOLZGAU,10.338611,47.2575,1092.0,2022,10
146,9.0,0.0,1.0,2.0,24.0,36.0,0.0,0.0,0.0,0.0,1.1,2.0,5.0,HOLZGAU,10.338611,47.2575,1092.0,2022,11
14603,15.0,1.0,3.0,2.0,19.0,28.0,0.0,0.0,0.0,0.0,1.5,0.0,16.0,HAIMING,10.889444,47.259724,659.0,2021,11
14603,8.0,0.0,2.0,2.0,26.0,23.0,0.0,0.0,0.0,0.0,1.5,0.0,16.0,HAIMING,10.889444,47.259724,659.0,2021,12
14603,8.0,4.0,4.0,5.0,25.0,27.0,0.0,0.0,0.0,0.0,1.6,0.0,14.0,HAIMING,10.889444,47.259724,659.0,2022,1
14603,4.0,3.0,2.0,2.0,21.0,25.0,0.0,4.0,2.0,2.0,2.4,1.0,21.0,HAIMING,10.889444,47.259724,659.0,2022,2
14603,12.0,0.0,0.0,1.0,15.0,10.0,0.0,0.0,0.0,0.0,2.4,6.0,42.0,HAIMING,10.889444,47.259724,659.0,2022,3
14603,18.0,5.0,4.0,6.0,13.0,8.0,0.0,4.0,1.0,0.0,2.7,6.0,25.0,HAIMING,10.889444,47.259724,659.0,2022,4
14603,27.0,2.0,1.0,1.0,6.0,15.0,0.0,3.0,1.0,0.0,2.4,5.0,29.0,HAIMING,10.889444,47.259724,659.0,2022,6
14603,19.0,2.0,2.0,3.0,12.0,10.0,0.0,0.0,0.0,0.0,2.3,5.0,34.0,HAIMING,10.889444,47.259724,659.0,2022,7
14603,13.0,2.0,1.0,2.0,8.0,10.0,0.0,0.0,0.0,0.0,2.2,12.0,31.0,HAIMING,10.889444,47.259724,659.0,2022,8
14603,18.0,2.0,1.0,3.0,15.0,15.0,0.0,1.0,0.0,0.0,1.6,2.0,26.0,HAIMING,10.889444,47.259724,659.0,2022,9
14603,7.0,1.0,4.0,11.0,18.0,30.0,0.0,0.0,0.0,0.0,1.3,1.0,9.0,HAIMING,10.889444,47.259724,659.0,2022,10
14603,6.0,0.0,1.0,7.0,23.0,26.0,0.0,1.0,0.0,0.0,1.4,0.0,20.0,HAIMING,10.889444,47.259724,659.0,2022,11
14622,3.0,0.0,25.0,1.0,5.0,0.0,0.0,0.0,0.0,0.0,0.9,27.0,0.0,ST.LEONHARD/PITZTAL,10.865556,47.027222,1454.4,2021,11
14622,7.0,0.0,19.0,0.0,18.0,0.0,0.0,0.0,0.0,0.0,0.9,18.0,1.0,ST.LEONHARD/PITZTAL,10.865556,47.027222,1454.4,2021,12
14622,8.0,1.0,20.0,1.0,16.0,0.0,0.0,0.0,0.0,0.0,1.2,20.0,0.0,ST.LEONHARD/PITZTAL,10.865556,47.027222,1454.4,2022,1
14622,6.0,1.0,18.0,0.0,18.0,0.0,0.0,1.0,0.0,0.0,1.3,20.0,1.0,ST.LEONHARD/PITZTAL,10.865556,47.027222,1454.4,2022,2
14622,5.0,1.0,8.0,2.0,8.0,1.0,0.0,0.0,0.0,0.0,1.0,21.0,1.0,ST.LEONHARD/PITZTAL,10.865556,47.027222,1454.4,2022,3
14622,11.0,0.0,14.0,1.0,2.0,0.0,0.0,0.0,0.0,0.0,1.8,37.0,2.0,ST.LEONHARD/PITZTAL,10.865556,47.027222,1454.4,2022,4
14622,16.0,0.0,12.0,1.0,3.0,0.0,0.0,1.0,0.0,0.0,1.7,39.0,0.0,ST.LEONHARD/PITZTAL,10.865556,47.027222,1454.4,2022,5
14622,11.0,0.0,17.0,3.0,6.0,0.0,0.0,0.0,0.0,0.0,1.5,28.0,0.0,ST.LEONHARD/PITZTAL,10.865556,47.027222,1454.4,2022,6
14622,6.0,0.0,6.0,0.0,4.0,0.0,0.0,0.0,0.0,0.0,1.5,44.0,0.0,ST.LEONHARD/PITZTAL,10.865556,47.027222,1454.4,2022,7
14622,3.0,0.0,7.0,1.0,4.0,0.0,0.0,0.0,0.0,0.0,1.5,45.0,0.0,ST.LEONHARD/PITZTAL,10.865556,47.027222,1454.4,2022,8
14622,3.0,2.0,11.0,0.0,10.0,5.0,0.0,0.0,0.0,0.0,1.1,27.0,0.0,ST.LEONHARD/PITZTAL,10.865556,47.027222,1454.4,2022,10
14622,0.0,1.0,19.0,1.0,12.0,2.0,0.0,0.0,0.0,0.0,0.9,23.0,0.0,ST.LEONHARD/PITZTAL,10.865556,47.027222,1454.4,2022,11
14631,1.0,17.0,6.0,32.0,6.0,14.0,0.0,0.0,0.0,0.0,1.1,0.0,3.0,UMHAUSEN,10.928889,47.139168,1035.0,2021,11
14631,0.0,7.0,17.0,52.0,4.0,4.0,0.0,0.0,0.0,0.0,1.0,0.0,0.0,UMHAUSEN,10.928889,47.139168,1035.0,2021,12
14631,0.0,13.0,5.0,51.0,1.0,4.0,0.0,0.0,0.0,0.0,1.3,4.0,6.0,UMHAUSEN,10.928889,47.139168,1035.0,2022,1
14631,1.0,22.0,8.0,33.0,1.0,3.0,0.0,3.0,2.0,1.0,1.8,4.0,5.0,UMHAUSEN,10.928889,47.139168,1035.0,2022,2
14631,1.0,33.0,3.0,47.0,0.0,2.0,0.0,0.0,0.0,0.0,2.0,1.0,4.0,UMHAUSEN,10.928889,47.139168,1035.0,2022,3
14631,0.0,51.0,6.0,22.0,1.0,1.0,0.0,1.0,0.0,0.0,2.7,2.0,3.0,UMHAUSEN,10.928889,47.139168,1035.0,2022,4
14631,2.0,53.0,6.0,13.0,1.0,2.0,0.0,1.0,1.0,0.0,2.2,2.0,6.0,UMHAUSEN,10.928889,47.139168,1035.0,2022,5
14631,2.0,41.0,7.0,21.0,3.0,2.0,0.0,1.0,1.0,0.0,2.2,3.0,6.0,UMHAUSEN,10.928889,47.139168,1035.0,2022,6
14631,1.0,31.0,4.0,23.0,2.0,7.0,0.0,0.0,0.0,0.0,1.5,2.0,11.0,UMHAUSEN,10.928889,47.139168,1035.0,2022,9
14631,0.0,16.0,2.0,43.0,1.0,14.0,0.0,0.0,0.0,0.0,1.1,1.0,9.0,UMHAUSEN,10.928889,47.139168,1035.0,2022,10
14631,0.0,13.0,4.0,42.0,3.0,11.0,0.0,0.0,0.0,0.0,1.1,2.0,2.0,UMHAUSEN,10.928889,47.139168,1035.0,2022,11
14701,12.0,0.0,10.0,8.0,45.0,0.0,0.0,0.0,0.0,0.0,1.5,1.0,7.0,NEUSTIFT/MILDERS,11.291945,47.102779,1007.0,2021,11
14701,7.0,0.0,6.0,1.0,62.0,2.0,0.0,0.0,0.0,0.0,1.5,0.0,7.0,NEUSTIFT/MILDERS,11.291945,47.102779,1007.0,2021,12
14701,11.0,0.0,5.0,4.0,56.0,0.0,0.0,0.0,0.0,0.0,1.8,0.0,7.0,NEUSTIFT/MILDERS,11.291945,47.102779,1007.0,2022,1
14701,10.0,0.0,9.0,4.0,42.0,0.0,0.0,0.0,0.0,0.0,1.9,0.0,11.0,NEUSTIFT/MILDERS,11.291945,47.102779,1007.0,2022,2
14701,17.0,0.0,3.0,4.0,56.0,1.0,0.0,0.0,0.0,0.0,2.6,0.0,11.0,NEUSTIFT/MILDERS,11.291945,47.102779,1007.0,2022,3
14701,25.0,0.0,3.0,5.0,30.0,1.0,0.0,0.0,0.0,0.0,2.4,0.0,19.0,NEUSTIFT/MILDERS,11.291945,47.102779,1007.0,2022,4
14701,27.0,0.0,4.0,5.0,35.0,0.0,0.0,0.0,0.0,0.0,1.8,0.0,10.0,NEUSTIFT/MILDERS,11.291945,47.102779,1007.0,2022,5
14701,16.0,0.0,5.0,2.0,45.0,0.0,0.0,0.0,0.0,0.0,1.9,0.0,18.0,NEUSTIFT/MILDERS,11.291945,47.102779,1007.0,2022,6
14701,28.0,0.0,4.0,2.0,32.0,0.0,0.0,1.0,0.0,0.0,1.8,0.0,20.0,NEUSTIFT/MILDERS,11.291945,47.102779,1007.0,2022,7
14701,15.0,0.0,4.0,1.0,51.0,0.0,0.0,0.0,0.0,0.0,1.9,1.0,16.0,NEUSTIFT/MILDERS,11.291945,47.102779,1007.0,2022,8
14701,17.0,0.0,3.0,2.0,42.0,0.0,0.0,0.0,0.0,0.0,1.8,1.0,17.0,NEUSTIFT/MILDERS,11.291945,47.102779,1007.0,2022,9
14701,4.0,0.0,11.0,6.0,56.0,2.0,0.0,0.0,0.0,0.0,1.8,0.0,10.0,NEUSTIFT/MILDERS,11.291945,47.102779,1007.0,2022,10
14701,2.0,0.0,7.0,13.0,50.0,0.0,0.0,0.0,0.0,0.0,1.6,1.0,5.0,NEUSTIFT/MILDERS,11.291945,47.102779,1007.0,2022,11
14802,2.0,12.0,5.0,14.0,23.0,23.0,0.0,0.0,0.0,0.0,1.5,2.0,6.0,BRENNER,11.510834,47.007221,1412.0,2021,11
14802,4.0,9.0,6.0,29.0,7.0,6.0,0.0,1.0,0.0,0.0,1.6,6.0,19.0,BRENNER,11.510834,47.007221,1412.0,2021,12
14802,8.0,14.0,2.0,20.0,1.0,9.0,0.0,1.0,0.0,0.0,1.5,8.0,25.0,BRENNER,11.510834,47.007221,1412.0,2022,1
14802,2.0,15.0,7.0,16.0,2.0,8.0,0.0,1.0,0.0,0.0,1.7,8.0,23.0,BRENNER,11.510834,47.007221,1412.0,2022,2
14802,2.0,14.0,5.0,28.0,10.0,0.0,0.0,0.0,0.0,0.0,2.0,3.0,29.0,BRENNER,11.510834,47.007221,1412.0,2022,3
14802,4.0,23.0,8.0,8.0,7.0,8.0,0.0,0.0,0.0,0.0,1.8,7.0,21.0,BRENNER,11.510834,47.007221,1412.0,2022,4
14802,7.0,22.0,11.0,14.0,8.0,6.0,0.0,0.0,0.0,0.0,1.5,7.0,12.0,BRENNER,11.510834,47.007221,1412.0,2022,5
14802,11.0,12.0,13.0,13.0,4.0,9.0,0.0,0.0,0.0,0.0,1.6,5.0,19.0,BRENNER,11.510834,47.007221,1412.0,2022,6
14802,7.0,20.0,10.0,6.0,2.0,20.0,0.0,0.0,0.0,0.0,1.6,9.0,12.0,BRENNER,11.510834,47.007221,1412.0,2022,7
14802,3.0,21.0,2.0,20.0,2.0,15.0,0.0,0.0,0.0,0.0,1.6,7.0,16.0,BRENNER,11.510834,47.007221,1412.0,2022,8
14802,7.0,15.0,2.0,21.0,7.0,9.0,0.0,0.0,0.0,0.0,1.5,12.0,14.0,BRENNER,11.510834,47.007221,1412.0,2022,9
14802,1.0,5.0,8.0,29.0,3.0,6.0,0.0,0.0,0.0,0.0,1.6,5.0,32.0,BRENNER,11.510834,47.007221,1412.0,2022,10
14802,5.0,7.0,5.0,20.0,3.0,6.0,0.0,0.0,0.0,0.0,1.4,5.0,31.0,BRENNER,11.510834,47.007221,1412.0,2022,11
14812,7.0,17.0,45.0,1.0,2.0,1.0,3.0,10.0,9.0,7.0,7.1,12.0,5.0,PATSCHERKOFEL,11.462222,47.208889,2251.0,2021,11
14812,8.0,35.0,22.0,0.0,3.0,8.0,3.0,10.0,8.0,4.0,6.7,17.0,0.0,PATSCHERKOFEL,11.462222,47.208889,2251.0,2021,12
14812,11.0,48.0,12.0,0.0,0.0,2.0,2.0,13.0,9.0,5.0,7.0,20.0,0.0,PATSCHERKOFEL,11.462222,47.208889,2251.0,2022,1
14812,3.0,37.0,18.0,0.0,8.0,4.0,4.0,16.0,13.0,10.0,7.7,13.0,1.0,PATSCHERKOFEL,11.462222,47.208889,2251.0,2022,2
14812,16.0,8.0,45.0,2.0,3.0,0.0,1.0,13.0,9.0,6.0,6.0,18.0,1.0,PATSCHERKOFEL,11.462222,47.208889,2251.0,2022,3
14812,12.0,12.0,30.0,1.0,1.0,4.0,2.0,7.0,4.0,3.0,5.9,30.0,0.0,PATSCHERKOFEL,11.462222,47.208889,2251.0,2022,4
14812,16.0,13.0,24.0,4.0,5.0,2.0,1.0,6.0,5.0,1.0,4.3,26.0,3.0,PATSCHERKOFEL,11.462222,47.208889,2251.0,2022,5
14812,11.0,17.0,35.0,1.0,1.0,1.0,0.0,14.0,10.0,6.0,5.7,23.0,1.0,PATSCHERKOFEL,11.462222,47.208889,2251.0,2022,6
14812,11.0,21.0,16.0,1.0,1.0,2.0,0.0,7.0,2.0,1.0,4.4,38.0,3.0,PATSCHERKOFEL,11.462222,47.208889,2251.0,2022,7
14812,27.0,6.0,16.0,6.0,0.0,1.0,2.0,5.0,3.0,2.0,4.0,34.0,3.0,PATSCHERKOFEL,11.462222,47.208889,2251.0,2022,8
14812,8.0,37.0,25.0,3.0,1.0,0.0,0.0,9.0,5.0,4.0,5.4,15.0,1.0,PATSCHERKOFEL,11.462222,47.208889,2251.0,2022,9
14812,7.0,16.0,50.0,1.0,3.0,3.0,3.0,16.0,10.0,7.0,7.0,12.0,1.0,PATSCHERKOFEL,11.462222,47.208889,2251.0,2022,10
14822,10.0,2.0,47.0,8.0,6.0,0.0,0.0,0.0,0.0,0.0,1.1,1.0,12.0,RINN,11.503889,47.249168,924.0,2021,11
14822,5.0,0.0,54.0,8.0,5.0,5.0,0.0,0.0,0.0,0.0,1.1,2.0,5.0,RINN,11.503889,47.249168,924.0,2021,12
14822,1.0,1.0,53.0,7.0,10.0,6.0,0.0,0.0,0.0,0.0,1.4,2.0,10.0,RINN,11.503889,47.249168,924.0,2022,1
14822,4.0,2.0,37.0,5.0,15.0,8.0,0.0,0.0,0.0,0.0,1.9,1.0,9.0,RINN,11.503889,47.249168,924.0,2022,2
14822,4.0,1.0,43.0,13.0,1.0,1.0,0.0,0.0,0.0,0.0,1.8,2.0,26.0,RINN,11.503889,47.249168,924.0,2022,3
14822,13.0,2.0,19.0,6.0,7.0,8.0,0.0,1.0,0.0,0.0,1.9,2.0,29.0,RINN,11.503889,47.249168,924.0,2022,4
14822,24.0,10.0,9.0,5.0,0.0,2.0,0.0,0.0,0.0,0.0,1.6,3.0,34.0,RINN,11.503889,47.249168,924.0,2022,5
14822,27.0,3.0,4.0,5.0,5.0,2.0,0.0,1.0,1.0,0.0,1.7,6.0,31.0,RINN,11.503889,47.249168,924.0,2022,6
14822,29.0,4.0,12.0,9.0,1.0,2.0,0.0,0.0,0.0,0.0,1.9,7.0,26.0,RINN,11.503889,47.249168,924.0,2022,7
14822,18.0,0.0,16.0,13.0,2.0,3.0,0.0,0.0,0.0,0.0,1.7,1.0,31.0,RINN,11.503889,47.249168,924.0,2022,8
14822,15.0,0.0,41.0,5.0,5.0,1.0,0.0,0.0,0.0,0.0,1.2,3.0,14.0,RINN,11.503889,47.249168,924.0,2022,9
14822,0.0,2.0,62.0,7.0,2.0,0.0,0.0,0.0,0.0,0.0,1.2,4.0,13.0,RINN,11.503889,47.249168,924.0,2022,10
14822,5.0,2.0,55.0,4.0,11.0,2.0,0.0,1.0,1.0,0.0,1.2,0.0,8.0,RINN,11.503889,47.249168,924.0,2022,11
14825,6.0,0.0,0.0,13.0,6.0,12.0,0.0,0.0,0.0,0.0,1.0,0.0,40.0,SCHMIRN,11.580277,47.087223,1464.0,2021,11
14825,9.0,1.0,1.0,8.0,2.0,4.0,0.0,0.0,0.0,0.0,1.0,0.0,51.0,SCHMIRN,11.580277,47.087223,1464.0,2021,12
14825,13.0,2.0,7.0,10.0,0.0,0.0,0.0,0.0,0.0,0.0,1.3,0.0,53.0,SCHMIRN,11.580277,47.087223,1464.0,2022,1
14825,12.0,1.0,4.0,13.0,3.0,7.0,0.0,2.0,0.0,0.0,1.3,0.0,37.0,SCHMIRN,11.580277,47.087223,1464.0,2022,2
14825,18.0,0.0,1.0,4.0,6.0,9.0,0.0,0.0,0.0,0.0,1.6,0.0,52.0,SCHMIRN,11.580277,47.087223,1464.0,2022,3
14825,11.0,1.0,3.0,10.0,9.0,19.0,0.0,1.0,0.0,0.0,1.9,1.0,32.0,SCHMIRN,11.580277,47.087223,1464.0,2022,4
14825,15.0,1.0,5.0,5.0,17.0,22.0,0.0,1.0,0.0,0.0,1.5,0.0,16.0,SCHMIRN,11.580277,47.087223,1464.0,2022,5
14825,16.0,1.0,6.0,5.0,10.0,27.0,0.0,1.0,1.0,1.0,1.8,1.0,23.0,SCHMIRN,11.580277,47.087223,1464.0,2022,6
14825,27.0,2.0,1.0,6.0,11.0,16.0,0.0,1.0,0.0,0.0,1.5,1.0,23.0,SCHMIRN,11.580277,47.087223,1464.0,2022,7
14825,23.0,0.0,3.0,11.0,14.0,13.0,0.0,0.0,0.0,0.0,1.4,0.0,23.0,SCHMIRN,11.580277,47.087223,1464.0,2022,8
14825,10.0,0.0,3.0,11.0,6.0,12.0,0.0,0.0,0.0,0.0,1.1,0.0,35.0,SCHMIRN,11.580277,47.087223,1464.0,2022,11
15002,4.0,1.0,12.0,5.0,14.0,10.0,0.0,0.0,0.0,0.0,0.7,0.0,11.0,MAYRHOFEN,11.851666,47.162498,640.0,2021,11
15002,5.0,0.0,4.0,2.0,22.0,19.0,0.0,0.0,0.0,0.0,0.6,0.0,1.0,MAYRHOFEN,11.851666,47.162498,640.0,2021,12
15002,1.0,0.0,5.0,3.0,24.0,10.0,0.0,0.0,0.0,0.0,0.7,0.0,14.0,MAYRHOFEN,11.851666,47.162498,640.0,2022,1
15002,2.0,0.0,8.0,7.0,28.0,8.0,0.0,1.0,0.0,0.0,0.9,0.0,9.0,MAYRHOFEN,11.851666,47.162498,640.0,2022,2
15002,3.0,0.0,5.0,8.0,30.0,13.0,0.0,0.0,0.0,0.0,1.2,0.0,16.0,MAYRHOFEN,11.851666,47.162498,640.0,2022,3
15002,17.0,3.0,0.0,2.0,7.0,16.0,0.0,0.0,0.0,0.0,1.3,2.0,24.0,MAYRHOFEN,11.851666,47.162498,640.0,2022,4
15002,21.0,5.0,0.0,0.0,11.0,24.0,0.0,1.0,0.0,0.0,1.2,5.0,13.0,MAYRHOFEN,11.851666,47.162498,640.0,2022,6
15002,13.0,2.0,0.0,1.0,13.0,24.0,0.0,1.0,1.0,1.0,1.1,2.0,22.0,MAYRHOFEN,11.851666,47.162498,640.0,2022,7
15002,7.0,0.0,2.0,3.0,10.0,24.0,0.0,0.0,0.0,0.0,1.1,2.0,22.0,MAYRHOFEN,11.851666,47.162498,640.0,2022,8
15002,5.0,2.0,1.0,5.0,16.0,19.0,0.0,1.0,0.0,0.0,1.0,3.0,18.0,MAYRHOFEN,11.851666,47.162498,640.0,2022,9
15002,5.0,0.0,12.0,3.0,28.0,17.0,0.0,0.0,0.0,0.0,0.9,0.0,6.0,MAYRHOFEN,11.851666,47.162498,640.0,2022,10
151,0.0,26.0,7.0,20.0,0.0,0.0,0.0,0.0,0.0,0.0,2.2,37.0,0.0,ACHENKIRCH CAMPINGPLATZ,11.706667,47.499443,931.0,2021,11
151,0.0,34.0,3.0,18.0,0.0,0.0,0.0,0.0,0.0,0.0,2.1,35.0,1.0,ACHENKIRCH CAMPINGPLATZ,11.706667,47.499443,931.0,2021,12
151,1.0,31.0,2.0,12.0,0.0,1.0,0.0,2.0,0.0,0.0,2.9,45.0,0.0,ACHENKIRCH CAMPINGPLATZ,11.706667,47.499443,931.0,2022,1
151,3.0,17.0,3.0,18.0,0.0,0.0,0.0,6.0,5.0,2.0,3.0,42.0,1.0,ACHENKIRCH CAMPINGPLATZ,11.706667,47.499443,931.0,2022,2
151,1.0,24.0,1.0,18.0,0.0,0.0,0.0,0.0,0.0,0.0,2.5,46.0,3.0,ACHENKIRCH CAMPINGPLATZ,11.706667,47.499443,931.0,2022,3
151,2.0,20.0,1.0,13.0,0.0,0.0,0.0,1.0,1.0,0.0,2.9,53.0,1.0,ACHENKIRCH CAMPINGPLATZ,11.706667,47.499443,931.0,2022,4
151,2.0,27.0,2.0,19.0,1.0,2.0,0.0,0.0,0.0,0.0,2.5,34.0,3.0,ACHENKIRCH CAMPINGPLATZ,11.706667,47.499443,931.0,2022,5
151,2.0,22.0,1.0,27.0,0.0,0.0,0.0,2.0,1.0,0.0,2.3,31.0,5.0,ACHENKIRCH CAMPINGPLATZ,11.706667,47.499443,931.0,2022,6
151,0.0,31.0,3.0,13.0,0.0,0.0,0.0,0.0,0.0,0.0,2.3,41.0,1.0,ACHENKIRCH CAMPINGPLATZ,11.706667,47.499443,931.0,2022,7
151,1.0,37.0,1.0,6.0,0.0,0.0,0.0,0.0,0.0,0.0,2.4,47.0,0.0,ACHENKIRCH CAMPINGPLATZ,11.706667,47.499443,931.0,2022,8
151,3.0,32.0,0.0,8.0,0.0,0.0,0.0,0.0,0.0,0.0,2.2,45.0,2.0,ACHENKIRCH CAMPINGPLATZ,11.706667,47.499443,931.0,2022,9
151,1.0,15.0,4.0,25.0,0.0,0.0,0.0,0.0,0.0,0.0,1.9,44.0,2.0,ACHENKIRCH CAMPINGPLATZ,11.706667,47.499443,931.0,2022,10
151,0.0,23.0,7.0,18.0,0.0,0.0,0.0,0.0,0.0,0.0,2.2,39.0,3.0,ACHENKIRCH CAMPINGPLATZ,11.706667,47.499443,931.0,2022,11
15344,28.0,11.0,2.0,1.0,2.0,9.0,0.0,4.0,1.0,0.0,2.4,17.0,20.0,KALS,12.646389,47.004723,1352.4,2022,1
15344,34.0,17.0,3.0,1.0,3.0,3.0,0.0,5.0,2.0,2.0,1.8,15.0,4.0,KALS,12.646389,47.004723,1352.4,2022,2
15344,29.0,14.0,11.0,1.0,12.0,3.0,0.0,0.0,0.0,0.0,1.9,11.0,7.0,KALS,12.646389,47.004723,1352.4,2022,3
15344,13.0,22.0,12.0,0.0,12.0,8.0,0.0,1.0,0.0,0.0,2.2,16.0,5.0,KALS,12.646389,47.004723,1352.4,2022,4
15344,15.0,16.0,17.0,2.0,10.0,2.0,0.0,3.0,0.0,0.0,2.1,11.0,14.0,KALS,12.646389,47.004723,1352.4,2022,6
15344,18.0,22.0,9.0,1.0,9.0,3.0,0.0,1.0,0.0,0.0,2.1,11.0,16.0,KALS,12.646389,47.004723,1352.4,2022,7
15344,18.0,8.0,14.0,4.0,10.0,2.0,0.0,0.0,0.0,0.0,1.8,7.0,23.0,KALS,12.646389,47.004723,1352.4,2022,8
15344,25.0,9.0,10.0,1.0,10.0,3.0,0.0,0.0,0.0,0.0,1.6,5.0,21.0,KALS,12.646389,47.004723,1352.4,2022,9
15344,23.0,4.0,10.0,3.0,12.0,2.0,0.0,0.0,0.0,0.0,1.3,9.0,16.0,KALS,12.646389,47.004723,1352.4,2022,10
15344,24.0,8.0,8.0,5.0,4.0,1.0,0.0,0.0,0.0,0.0,1.5,9.0,24.0,KALS,12.646389,47.004723,1352.4,2022,11
16,2.0,12.0,5.0,14.0,23.0,23.0,0.0,0.0,0.0,0.0,1.5,2.0,6.0,BRENNER,11.510834,47.007221,1412.0,2021,11
16,4.0,9.0,6.0,29.0,7.0,6.0,0.0,1.0,0.0,0.0,1.6,6.0,19.0,BRENNER,11.510834,47.007221,1412.0,2021,12
16,8.0,14.0,2.0,20.0,1.0,9.0,0.0,1.0,0.0,0.0,1.5,8.0,25.0,BRENNER,11.510834,47.007221,1412.0,2022,1
16,2.0,15.0,7.0,16.0,2.0,8.0,0.0,1.0,0.0,0.0,1.7,8.0,23.0,BRENNER,11.510834,47.007221,1412.0,2022,2
16,2.0,14.0,5.0,28.0,10.0,0.0,0.0,0.0,0.0,0.0,2.0,3.0,29.0,BRENNER,11.510834,47.007221,1412.0,2022,3
16,4.0,23.0,8.0,8.0,7.0,8.0,0.0,0.0,0.0,0.0,1.8,7.0,21.0,BRENNER,11.510834,47.007221,1412.0,2022,4
16,7.0,22.0,11.0,14.0,8.0,6.0,0.0,0.0,0.0,0.0,1.5,7.0,12.0,BRENNER,11.510834,47.007221,1412.0,2022,5
16,11.0,12.0,13.0,13.0,4.0,9.0,0.0,0.0,0.0,0.0,1.6,5.0,19.0,BRENNER,11.510834,47.007221,1412.0,2022,6
16,7.0,20.0,10.0,6.0,2.0,20.0,0.0,0.0,0.0,0.0,1.6,9.0,12.0,BRENNER,11.510834,47.007221,1412.0,2022,7
16,3.0,21.0,2.0,20.0,2.0,15.0,0.0,0.0,0.0,0.0,1.6,7.0,16.0,BRENNER,11.510834,47.007221,1412.0,2022,8
16,7.0,15.0,2.0,21.0,7.0,9.0,0.0,0.0,0.0,0.0,1.5,12.0,14.0,BRENNER,11.510834,47.007221,1412.0,2022,9
16,1.0,5.0,8.0,29.0,3.0,6.0,0.0,0.0,0.0,0.0,1.6,5.0,32.0,BRENNER,11.510834,47.007221,1412.0,2022,10
16,5.0,7.0,5.0,20.0,3.0,6.0,0.0,0.0,0.0,0.0,1.4,5.0,31.0,BRENNER,11.510834,47.007221,1412.0,2022,11
17002,10.0,0.0,28.0,1.0,40.0,5.0,0.0,0.0,0.0,0.0,2.6,0.0,4.0,GALTUER,10.185555,46.968056,1587.0,2021,11
17002,4.0,0.0,24.0,1.0,52.0,7.0,0.0,2.0,0.0,0.0,2.4,0.0,1.0,GALTUER,10.185555,46.968056,1587.0,2021,12
17002,1.0,0.0,24.0,2.0,52.0,13.0,0.0,2.0,1.0,1.0,3.3,0.0,0.0,GALTUER,10.185555,46.968056,1587.0,2022,1
17002,2.0,0.0,22.0,1.0,43.0,13.0,0.0,6.0,4.0,2.0,3.7,1.0,1.0,GALTUER,10.185555,46.968056,1587.0,2022,2
17002,4.0,0.0,26.0,4.0,51.0,4.0,0.0,0.0,0.0,0.0,2.3,0.0,4.0,GALTUER,10.185555,46.968056,1587.0,2022,3
17002,2.0,0.0,16.0,3.0,50.0,17.0,0.0,1.0,0.0,0.0,3.4,0.0,1.0,GALTUER,10.185555,46.968056,1587.0,2022,4
17002,7.0,1.0,11.0,7.0,42.0,21.0,0.0,2.0,0.0,0.0,3.1,1.0,1.0,GALTUER,10.185555,46.968056,1587.0,2022,5
17002,11.0,0.0,6.0,14.0,33.0,19.0,0.0,1.0,0.0,0.0,3.1,0.0,4.0,GALTUER,10.185555,46.968056,1587.0,2022,6
17002,5.0,1.0,9.0,9.0,33.0,32.0,0.0,1.0,1.0,0.0,3.5,3.0,1.0,GALTUER,10.185555,46.968056,1587.0,2022,7
17002,8.0,0.0,17.0,6.0,30.0,28.0,0.0,1.0,0.0,0.0,3.3,1.0,1.0,GALTUER,10.185555,46.968056,1587.0,2022,8
17002,15.0,0.0,10.0,2.0,41.0,15.0,0.0,0.0,0.0,0.0,2.8,0.0,3.0,GALTUER,10.185555,46.968056,1587.0,2022,9
17002,16.0,0.0,24.0,4.0,37.0,5.0,0.0,0.0,0.0,0.0,1.8,1.0,0.0,GALTUER,10.185555,46.968056,1587.0,2022,10
17002,9.0,2.0,11.0,2.0,46.0,16.0,0.0,0.0,0.0,0.0,2.1,2.0,0.0,GALTUER,10.185555,46.968056,1587.0,2022,11
17102,1.0,18.0,13.0,35.0,6.0,7.0,0.0,0.0,0.0,0.0,1.7,6.0,0.0,NAUDERS,10.496944,46.891109,1330.2,2021,11
17102,1.0,8.0,10.0,52.0,2.0,2.0,0.0,0.0,0.0,0.0,1.8,7.0,0.0,NAUDERS,10.496944,46.891109,1330.2,2021,12
17102,2.0,18.0,6.0,39.0,4.0,10.0,0.0,0.0,0.0,0.0,1.9,10.0,0.0,NAUDERS,10.496944,46.891109,1330.2,2022,1
17102,1.0,10.0,12.0,31.0,4.0,9.0,0.0,1.0,0.0,0.0,2.0,10.0,2.0,NAUDERS,10.496944,46.891109,1330.2,2022,2
17102,0.0,11.0,11.0,51.0,2.0,6.0,0.0,0.0,0.0,0.0,2.5,7.0,1.0,NAUDERS,10.496944,46.891109,1330.2,2022,3
17102,0.0,23.0,10.0,25.0,0.0,4.0,0.0,0.0,0.0,0.0,2.6,22.0,2.0,NAUDERS,10.496944,46.891109,1330.2,2022,4
17102,0.0,35.0,10.0,18.0,1.0,4.0,0.0,0.0,0.0,0.0,2.2,18.0,3.0,NAUDERS,10.496944,46.891109,1330.2,2022,5
17102,1.0,30.0,16.0,19.0,1.0,3.0,0.0,0.0,0.0,0.0,2.3,16.0,1.0,NAUDERS,10.496944,46.891109,1330.2,2022,6
17102,0.0,43.0,3.0,17.0,1.0,7.0,0.0,1.0,0.0,0.0,2.0,18.0,0.0,NAUDERS,10.496944,46.891109,1330.2,2022,7
17102,1.0,40.0,6.0,25.0,1.0,5.0,0.0,0.0,0.0,0.0,2.1,15.0,0.0,NAUDERS,10.496944,46.891109,1330.2,2022,8
17102,0.0,30.0,6.0,31.0,5.0,7.0,0.0,0.0,0.0,0.0,2.0,8.0,0.0,NAUDERS,10.496944,46.891109,1330.2,2022,9
17102,0.0,15.0,7.0,58.0,3.0,3.0,0.0,1.0,0.0,0.0,2.3,4.0,0.0,NAUDERS,10.496944,46.891109,1330.2,2022,10
17102,0.0,16.0,7.0,43.0,3.0,8.0,0.0,0.0,0.0,0.0,2.2,7.0,2.0,NAUDERS,10.496944,46.891109,1330.2,2022,11
17301,15.0,0.0,30.0,4.0,27.0,1.0,0.0,0.0,0.0,0.0,1.3,2.0,4.0,OBERGURGL,11.024445,46.866943,1941.0,2021,11
17301,13.0,0.0,30.0,0.0,42.0,1.0,0.0,0.0,0.0,0.0,1.7,1.0,1.0,OBERGURGL,11.024445,46.866943,1941.0,2021,12
17301,25.0,0.0,25.0,1.0,36.0,2.0,0.0,2.0,0.0,0.0,2.5,1.0,1.0,OBERGURGL,11.024445,46.866943,1941.0,2022,1
17301,29.0,2.0,21.0,3.0,25.0,3.0,0.0,6.0,3.0,1.0,2.8,0.0,1.0,OBERGURGL,11.024445,46.866943,1941.0,2022,2
17301,8.0,0.0,25.0,5.0,43.0,2.0,0.0,0.0,0.0,0.0,1.3,5.0,2.0,OBERGURGL,11.024445,46.866943,1941.0,2022,3
17301,33.0,1.0,19.0,2.0,23.0,3.0,0.0,0.0,0.0,0.0,2.1,3.0,2.0,OBERGURGL,11.024445,46.866943,1941.0,2022,4
17301,31.0,3.0,21.0,8.0,11.0,2.0,0.0,1.0,0.0,0.0,1.9,4.0,5.0,OBERGURGL,11.024445,46.866943,1941.0,2022,6
17301,51.0,0.0,15.0,9.0,3.0,0.0,0.0,0.0,0.0,0.0,2.4,5.0,3.0,OBERGURGL,11.024445,46.866943,1941.0,2022,7
17301,47.0,0.0,23.0,0.0,5.0,0.0,0.0,0.0,0.0,0.0,2.3,6.0,7.0,OBERGURGL,11.024445,46.866943,1941.0,2022,8
17301,40.0,0.0,22.0,5.0,7.0,0.0,0.0,1.0,0.0,0.0,1.9,6.0,5.0,OBERGURGL,11.024445,46.866943,1941.0,2022,9
17301,27.0,0.0,36.0,5.0,20.0,1.0,0.0,0.0,0.0,0.0,1.5,1.0,1.0,OBERGURGL,11.024445,46.866943,1941.0,2022,10
17301,22.0,0.0,30.0,1.0,31.0,0.0,0.0,0.0,0.0,0.0,1.5,1.0,0.0,OBERGURGL,11.024445,46.866943,1941.0,2022,11
17315,3.0,6.0,3.0,3.0,14.0,35.0,0.0,0.0,0.0,0.0,2.0,4.0,15.0,PITZTALER GLETSCHER,10.879167,46.926945,2863.9,2021,11
17315,3.0,5.0,2.0,5.0,23.0,48.0,0.0,5.0,0.0,0.0,2.5,1.0,5.0,PITZTALER GLETSCHER,10.879167,46.926945,2863.9,2021,12
17315,3.0,10.0,1.0,2.0,14.0,55.0,0.0,6.0,2.0,2.0,2.9,3.0,4.0,PITZTALER GLETSCHER,10.879167,46.926945,2863.9,2022,1
17315,4.0,10.0,0.0,1.0,23.0,38.0,1.0,11.0,7.0,6.0,3.4,4.0,4.0,PITZTALER GLETSCHER,10.879167,46.926945,2863.9,2022,2
17315,2.0,3.0,8.0,7.0,13.0,49.0,0.0,1.0,0.0,0.0,2.0,1.0,7.0,PITZTALER GLETSCHER,10.879167,46.926945,2863.9,2022,3
17315,1.0,8.0,5.0,11.0,19.0,33.0,0.0,4.0,1.0,0.0,2.4,5.0,5.0,PITZTALER GLETSCHER,10.879167,46.926945,2863.9,2022,4
17315,0.0,7.0,8.0,16.0,21.0,24.0,0.0,2.0,1.0,0.0,1.6,3.0,11.0,PITZTALER GLETSCHER,10.879167,46.926945,2863.9,2022,5
17315,4.0,6.0,10.0,18.0,24.0,13.0,0.0,2.0,1.0,0.0,2.0,3.0,7.0,PITZTALER GLETSCHER,10.879167,46.926945,2863.9,2022,6
17315,2.0,1.0,10.0,20.0,30.0,15.0,0.0,0.0,0.0,0.0,2.0,0.0,10.0,PITZTALER GLETSCHER,10.879167,46.926945,2863.9,2022,8
17315,3.0,10.0,5.0,11.0,17.0,25.0,0.0,2.0,0.0,0.0,1.7,1.0,14.0,PITZTALER GLETSCHER,10.879167,46.926945,2863.9,2022,9
17315,4.0,8.0,8.0,14.0,14.0,32.0,0.0,2.0,0.0,0.0,1.6,4.0,5.0,PITZTALER GLETSCHER,10.879167,46.926945,2863.9,2022,10
17315,6.0,4.0,1.0,5.0,22.0,45.0,0.0,0.0,0.0,0.0,2.1,1.0,4.0,PITZTALER GLETSCHER,10.879167,46.926945,2863.9,2022,11
17320,3.0,9.0,19.0,10.0,32.0,7.0,1.0,12.0,8.0,4.0,4.5,9.0,0.0,BRUNNENKOGEL,10.861667,46.912777,3437.0,2021,11
17320,6.0,18.0,2.0,0.0,21.0,20.0,1.0,18.0,10.0,8.0,5.0,26.0,0.0,BRUNNENKOGEL,10.861667,46.912777,3437.0,2021,12
17320,15.0,20.0,1.0,3.0,8.0,24.0,5.0,16.0,13.0,6.0,5.1,21.0,1.0,BRUNNENKOGEL,10.861667,46.912777,3437.0,2022,1
17320,5.0,11.0,1.0,5.0,29.0,21.0,7.0,23.0,19.0,12.0,5.1,12.0,0.0,BRUNNENKOGEL,10.861667,46.912777,3437.0,2022,2
17320,8.0,7.0,12.0,8.0,31.0,3.0,2.0,6.0,3.0,2.0,3.5,15.0,6.0,BRUNNENKOGEL,10.861667,46.912777,3437.0,2022,3
17320,6.0,13.0,8.0,1.0,39.0,9.0,3.0,6.0,5.0,5.0,3.4,12.0,1.0,BRUNNENKOGEL,10.861667,46.912777,3437.0,2022,4
17320,4.0,4.0,12.0,8.0,43.0,16.0,0.0,8.0,5.0,3.0,2.9,4.0,1.0,BRUNNENKOGEL,10.861667,46.912777,3437.0,2022,5
17320,1.0,8.0,6.0,1.0,53.0,10.0,1.0,11.0,8.0,6.0,3.8,11.0,0.0,BRUNNENKOGEL,10.861667,46.912777,3437.0,2022,6
17320,1.0,12.0,7.0,2.0,46.0,15.0,0.0,6.0,2.0,1.0,2.8,10.0,0.0,BRUNNENKOGEL,10.861667,46.912777,3437.0,2022,7
17320,6.0,11.0,21.0,1.0,30.0,11.0,0.0,3.0,2.0,1.0,2.4,9.0,1.0,BRUNNENKOGEL,10.861667,46.912777,3437.0,2022,8
17320,1.0,7.0,2.0,0.0,59.0,18.0,0.0,10.0,7.0,4.0,3.4,3.0,0.0,BRUNNENKOGEL,10.861667,46.912777,3437.0,2022,9
17320,1.0,7.0,7.0,1.0,59.0,17.0,1.0,11.0,11.0,8.0,4.2,1.0,0.0,BRUNNENKOGEL,10.861667,46.912777,3437.0,2022,10
17320,0.0,8.0,3.0,8.0,29.0,17.0,0.0,9.0,7.0,4.0,4.0,20.0,4.0,BRUNNENKOGEL,10.861667,46.912777,3437.0,2022,11
175,2.0,1.0,7.0,15.0,14.0,31.0,0.0,0.0,0.0,0.0,1.7,0.0,16.0,INNSBRUCK-FLUGPLATZ,11.356667,47.259998,578.0,2021,11
175,1.0,4.0,11.0,8.0,13.0,45.0,0.0,0.0,0.0,0.0,2.0,0.0,4.0,INNSBRUCK-FLUGPLATZ,11.356667,47.259998,578.0,2021,12
175,0.0,3.0,18.0,15.0,10.0,25.0,1.0,4.0,3.0,3.0,1.9,1.0,14.0,INNSBRUCK-FLUGPLATZ,11.356667,47.259998,578.0,2022,1
175,2.0,4.0,8.0,14.0,14.0,26.0,2.0,8.0,5.0,5.0,3.1,0.0,12.0,INNSBRUCK-FLUGPLATZ,11.356667,47.259998,578.0,2022,2
175,7.0,0.0,10.0,18.0,5.0,24.0,0.0,3.0,2.0,1.0,3.0,1.0,23.0,INNSBRUCK-FLUGPLATZ,11.356667,47.259998,578.0,2022,3
175,6.0,3.0,4.0,12.0,6.0,18.0,0.0,5.0,3.0,0.0,2.8,2.0,34.0,INNSBRUCK-FLUGPLATZ,11.356667,47.259998,578.0,2022,4
175,9.0,5.0,7.0,12.0,1.0,22.0,0.0,4.0,2.0,2.0,2.4,4.0,27.0,INNSBRUCK-FLUGPLATZ,11.356667,47.259998,578.0,2022,5
175,14.0,6.0,2.0,7.0,3.0,23.0,3.0,8.0,5.0,4.0,3.1,1.0,31.0,INNSBRUCK-FLUGPLATZ,11.356667,47.259998,578.0,2022,6
175,14.0,7.0,3.0,7.0,2.0,21.0,1.0,6.0,5.0,4.0,2.7,2.0,33.0,INNSBRUCK-FLUGPLATZ,11.356667,47.259998,578.0,2022,7
175,11.0,4.0,6.0,6.0,3.0,30.0,0.0,5.0,2.0,1.0,2.5,0.0,32.0,INNSBRUCK-FLUGPLATZ,11.356667,47.259998,578.0,2022,8
175,6.0,4.0,6.0,15.0,8.0,21.0,0.0,4.0,1.0,1.0,1.9,3.0,19.0,INNSBRUCK-FLUGPLATZ,11.356667,47.259998,578.0,2022,9
175,0.0,1.0,10.0,13.0,17.0,37.0,0.0,2.0,1.0,1.0,1.7,0.0,7.0,INNSBRUCK-FLUGPLATZ,11.356667,47.259998,578.0,2022,11
176,5.0,6.0,11.0,9.0,10.0,34.0,0.0,1.0,0.0,0.0,2.5,2.0,12.0,HAHNENKAMM-EHRENBACHHOEHE,12.359167,47.418335,1793.8,2021,11
176,3.0,3.0,8.0,0.0,15.0,60.0,0.0,3.0,1.0,1.0,2.9,2.0,2.0,HAHNENKAMM-EHRENBACHHOEHE,12.359167,47.418335,1793.8,2021,12
176,4.0,7.0,1.0,1.0,19.0,58.0,0.0,6.0,3.0,1.0,2.9,3.0,0.0,HAHNENKAMM-EHRENBACHHOEHE,12.359167,47.418335,1793.8,2022,1
176,4.0,8.0,2.0,3.0,14.0,50.0,0.0,7.0,2.0,0.0,3.0,1.0,2.0,HAHNENKAMM-EHRENBACHHOEHE,12.359167,47.418335,1793.8,2022,2
176,4.0,8.0,12.0,5.0,10.0,15.0,0.0,0.0,0.0,0.0,2.3,24.0,13.0,HAHNENKAMM-EHRENBACHHOEHE,12.359167,47.418335,1793.8,2022,3
176,9.0,14.0,3.0,2.0,13.0,31.0,0.0,1.0,0.0,0.0,2.3,11.0,7.0,HAHNENKAMM-EHRENBACHHOEHE,12.359167,47.418335,1793.8,2022,4
176,16.0,12.0,1.0,0.0,12.0,25.0,0.0,1.0,0.0,0.0,2.2,15.0,11.0,HAHNENKAMM-EHRENBACHHOEHE,12.359167,47.418335,1793.8,2022,5
176,14.0,15.0,1.0,2.0,8.0,24.0,0.0,4.0,0.0,0.0,2.3,17.0,9.0,HAHNENKAMM-EHRENBACHHOEHE,12.359167,47.418335,1793.8,2022,6
176,13.0,16.0,1.0,1.0,8.0,37.0,0.0,0.0,0.0,0.0,2.2,11.0,5.0,HAHNENKAMM-EHRENBACHHOEHE,12.359167,47.418335,1793.8,2022,7
176,16.0,13.0,1.0,7.0,2.0,25.0,0.0,1.0,1.0,0.0,2.0,22.0,7.0,HAHNENKAMM-EHRENBACHHOEHE,12.359167,47.418335,1793.8,2022,8
176,4.0,4.0,3.0,4.0,9.0,50.0,0.0,0.0,0.0,0.0,1.9,9.0,5.0,HAHNENKAMM-EHRENBACHHOEHE,12.359167,47.418335,1793.8,2022,9
176,10.0,4.0,10.0,4.0,19.0,31.0,0.0,1.0,1.0,0.0,2.4,7.0,3.0,HAHNENKAMM-EHRENBACHHOEHE,12.359167,47.418335,1793.8,2022,10
176,2.0,3.0,10.0,6.0,20.0,31.0,0.0,2.0,0.0,0.0,2.4,7.0,9.0,HAHNENKAMM-EHRENBACHHOEHE,12.359167,47.418335,1793.8,2022,11
17701,1.0,0.0,0.0,0.0,11.0,54.0,0.0,0.0,0.0,0.0,1.1,0.0,17.0,ST.JAKOB/DEF.,12.353889,46.916943,1383.0,2021,11
17701,1.0,0.0,0.0,0.0,3.0,68.0,0.0,0.0,0.0,0.0,1.1,1.0,12.0,ST.JAKOB/DEF.,12.353889,46.916943,1383.0,2021,12
17701,3.0,0.0,0.0,0.0,1.0,71.0,0.0,1.0,0.0,0.0,1.4,1.0,9.0,ST.JAKOB/DEF.,12.353889,46.916943,1383.0,2022,1
17701,3.0,3.0,1.0,0.0,5.0,49.0,0.0,0.0,0.0,0.0,1.7,1.0,17.0,ST.JAKOB/DEF.,12.353889,46.916943,1383.0,2022,2
17701,2.0,3.0,2.0,3.0,2.0,47.0,0.0,0.0,0.0,0.0,1.7,0.0,29.0,ST.JAKOB/DEF.,12.353889,46.916943,1383.0,2022,3
17701,2.0,1.0,3.0,1.0,6.0,39.0,0.0,0.0,0.0,0.0,1.9,0.0,29.0,ST.JAKOB/DEF.,12.353889,46.916943,1383.0,2022,4
17701,5.0,2.0,1.0,1.0,9.0,29.0,0.0,0.0,0.0,0.0,1.8,0.0,38.0,ST.JAKOB/DEF.,12.353889,46.916943,1383.0,2022,5
17701,6.0,4.0,0.0,1.0,3.0,32.0,0.0,0.0,0.0,0.0,1.7,3.0,27.0,ST.JAKOB/DEF.,12.353889,46.916943,1383.0,2022,6
17701,9.0,4.0,1.0,0.0,2.0,29.0,0.0,0.0,0.0,0.0,1.8,2.0,32.0,ST.JAKOB/DEF.,12.353889,46.916943,1383.0,2022,7
17701,2.0,8.0,0.0,2.0,6.0,26.0,0.0,0.0,0.0,0.0,1.6,8.0,33.0,ST.JAKOB/DEF.,12.353889,46.916943,1383.0,2022,8
17701,1.0,2.0,0.0,1.0,5.0,39.0,0.0,0.0,0.0,0.0,1.6,4.0,30.0,ST.JAKOB/DEF.,12.353889,46.916943,1383.0,2022,9
17701,0.0,2.0,0.0,1.0,1.0,59.0,0.0,0.0,0.0,0.0,1.5,0.0,23.0,ST.JAKOB/DEF.,12.353889,46.916943,1383.0,2022,10
17701,0.0,0.0,0.0,1.0,13.0,54.0,0.0,0.0,0.0,0.0,1.2,0.0,11.0,ST.JAKOB/DEF.,12.353889,46.916943,1383.0,2022,11
178,1.0,3.0,0.0,16.0,10.0,22.0,0.0,0.0,0.0,0.0,2.5,1.0,35.0,HOCHFILZEN,12.621111,47.470276,962.0,2021,11
178,0.0,8.0,0.0,7.0,5.0,22.0,0.0,1.0,0.0,0.0,2.4,1.0,48.0,HOCHFILZEN,12.621111,47.470276,962.0,2021,12
178,1.0,16.0,0.0,5.0,8.0,21.0,0.0,0.0,0.0,0.0,2.7,1.0,38.0,HOCHFILZEN,12.621111,47.470276,962.0,2022,1
178,1.0,11.0,0.0,7.0,4.0,23.0,0.0,3.0,2.0,1.0,3.2,0.0,35.0,HOCHFILZEN,12.621111,47.470276,962.0,2022,2
178,2.0,7.0,2.0,25.0,7.0,9.0,0.0,0.0,0.0,0.0,2.8,0.0,37.0,HOCHFILZEN,12.621111,47.470276,962.0,2022,3
178,1.0,15.0,3.0,13.0,6.0,27.0,0.0,0.0,0.0,0.0,2.4,1.0,20.0,HOCHFILZEN,12.621111,47.470276,962.0,2022,4
178,3.0,18.0,1.0,24.0,12.0,22.0,0.0,2.0,2.0,0.0,2.6,0.0,12.0,HOCHFILZEN,12.621111,47.470276,962.0,2022,5
178,1.0,25.0,2.0,21.0,7.0,14.0,0.0,4.0,3.0,1.0,2.6,2.0,16.0,HOCHFILZEN,12.621111,47.470276,962.0,2022,6
178,4.0,31.0,0.0,14.0,6.0,16.0,0.0,1.0,1.0,0.0,2.3,1.0,17.0,HOCHFILZEN,12.621111,47.470276,962.0,2022,7
178,8.0,19.0,1.0,10.0,12.0,17.0,0.0,1.0,0.0,0.0,2.2,2.0,22.0,HOCHFILZEN,12.621111,47.470276,962.0,2022,8
178,3.0,12.0,1.0,11.0,18.0,23.0,0.0,1.0,1.0,0.0,2.1,1.0,18.0,HOCHFILZEN,12.621111,47.470276,962.0,2022,9
178,1.0,2.0,0.0,15.0,20.0,11.0,0.0,0.0,0.0,0.0,2.6,0.0,43.0,HOCHFILZEN,12.621111,47.470276,962.0,2022,10
178,1.0,3.0,0.0,24.0,9.0,16.0,0.0,0.0,0.0,0.0,2.8,0.0,35.0,HOCHFILZEN,12.621111,47.470276,962.0,2022,11
17901,0.0,10.0,6.0,28.0,8.0,14.0,0.0,0.0,0.0,0.0,1.1,2.0,10.0,LIENZ,12.806389,46.825554,661.4,2021,11
17901,0.0,10.0,4.0,20.0,6.0,28.0,0.0,0.0,0.0,0.0,1.0,0.0,9.0,LIENZ,12.806389,46.825554,661.4,2021,12
17901,0.0,6.0,7.0,19.0,4.0,36.0,0.0,4.0,1.0,1.0,1.6,1.0,6.0,LIENZ,12.806389,46.825554,661.4,2022,1
17901,3.0,11.0,2.0,8.0,10.0,27.0,0.0,4.0,2.0,1.0,1.8,0.0,10.0,LIENZ,12.806389,46.825554,661.4,2022,2
17901,3.0,11.0,3.0,48.0,3.0,9.0,0.0,0.0,0.0,0.0,2.2,1.0,9.0,LIENZ,12.806389,46.825554,661.4,2022,3
17901,1.0,5.0,4.0,46.0,1.0,5.0,0.0,4.0,1.0,0.0,2.9,1.0,22.0,LIENZ,12.806389,46.825554,661.4,2022,4
17901,2.0,8.0,6.0,45.0,1.0,9.0,0.0,1.0,0.0,0.0,2.6,4.0,13.0,LIENZ,12.806389,46.825554,661.4,2022,5
17901,5.0,14.0,2.0,31.0,1.0,9.0,0.0,4.0,2.0,0.0,2.7,2.0,17.0,LIENZ,12.806389,46.825554,661.4,2022,6
17901,0.0,12.0,2.0,38.0,1.0,14.0,0.0,4.0,3.0,1.0,2.9,3.0,19.0,LIENZ,12.806389,46.825554,661.4,2022,7
17901,0.0,15.0,3.0,38.0,2.0,9.0,0.0,0.0,0.0,0.0,2.3,0.0,16.0,LIENZ,12.806389,46.825554,661.4,2022,8
17901,1.0,8.0,7.0,34.0,2.0,19.0,0.0,0.0,0.0,0.0,1.9,1.0,12.0,LIENZ,12.806389,46.825554,661.4,2022,9
17901,1.0,13.0,4.0,27.0,7.0,28.0,0.0,0.0,0.0,0.0,1.2,0.0,2.0,LIENZ,12.806389,46.825554,661.4,2022,10
17901,0.0,17.0,9.0,18.0,8.0,13.0,0.0,0.0,0.0,0.0,1.1,0.0,10.0,LIENZ,12.806389,46.825554,661.4,2022,11
184,3.0,6.0,3.0,3.0,14.0,35.0,0.0,0.0,0.0,0.0,2.0,4.0,15.0,PITZTALER GLETSCHER,10.879167,46.926945,2863.9,2021,11
184,3.0,5.0,2.0,5.0,23.0,48.0,0.0,5.0,0.0,0.0,2.5,1.0,5.0,PITZTALER GLETSCHER,10.879167,46.926945,2863.9,2021,12
184,3.0,10.0,1.0,2.0,14.0,55.0,0.0,6.0,2.0,2.0,2.9,3.0,4.0,PITZTALER GLETSCHER,10.879167,46.926945,2863.9,2022,1
184,4.0,10.0,0.0,1.0,23.0,38.0,1.0,11.0,7.0,6.0,3.4,4.0,4.0,PITZTALER GLETSCHER,10.879167,46.926945,2863.9,2022,2
184,2.0,3.0,8.0,7.0,13.0,49.0,0.0,1.0,0.0,0.0,2.0,1.0,7.0,PITZTALER GLETSCHER,10.879167,46.926945,2863.9,2022,3
184,1.0,8.0,5.0,11.0,19.0,33.0,0.0,4.0,1.0,0.0,2.4,5.0,5.0,PITZTALER GLETSCHER,10.879167,46.926945,2863.9,2022,4
184,0.0,7.0,8.0,16.0,21.0,24.0,0.0,2.0,1.0,0.0,1.6,3.0,11.0,PITZTALER GLETSCHER,10.879167,46.926945,2863.9,2022,5
184,4.0,6.0,10.0,18.0,24.0,13.0,0.0,2.0,1.0,0.0,2.0,3.0,7.0,PITZTALER GLETSCHER,10.879167,46.926945,2863.9,2022,6
184,2.0,1.0,10.0,20.0,30.0,15.0,0.0,0.0,0.0,0.0,2.0,0.0,10.0,PITZTALER GLETSCHER,10.879167,46.926945,2863.9,2022,8
184,3.0,10.0,5.0,11.0,17.0,25.0,0.0,2.0,0.0,0.0,1.7,1.0,14.0,PITZTALER GLETSCHER,10.879167,46.926945,2863.9,2022,9
184,4.0,8.0,8.0,14.0,14.0,32.0,0.0,2.0,0.0,0.0,1.6,4.0,5.0,PITZTALER GLETSCHER,10.879167,46.926945,2863.9,2022,10
184,6.0,4.0,1.0,5.0,22.0,45.0,0.0,0.0,0.0,0.0,2.1,1.0,4.0,PITZTALER GLETSCHER,10.879167,46.926945,2863.9,2022,11
185,1.0,0.0,0.0,0.0,11.0,54.0,0.0,0.0,0.0,0.0,1.1,0.0,17.0,ST.JAKOB/DEF.,12.353889,46.916943,1383.0,2021,11
185,1.0,0.0,0.0,0.0,3.0,68.0,0.0,0.0,0.0,0.0,1.1,1.0,12.0,ST.JAKOB/DEF.,12.353889,46.916943,1383.0,2021,12
185,3.0,0.0,0.0,0.0,1.0,71.0,0.0,1.0,0.0,0.0,1.4,1.0,9.0,ST.JAKOB/DEF.,12.353889,46.916943,1383.0,2022,1
185,3.0,3.0,1.0,0.0,5.0,49.0,0.0,0.0,0.0,0.0,1.7,1.0,17.0,ST.JAKOB/DEF.,12.353889,46.916943,1383.0,2022,2
185,2.0,3.0,2.0,3.0,2.0,47.0,0.0,0.0,0.0,0.0,1.7,0.0,29.0,ST.JAKOB/DEF.,12.353889,46.916943,1383.0,2022,3
185,2.0,1.0,3.0,1.0,6.0,39.0,0.0,0.0,0.0,0.0,1.9,0.0,29.0,ST.JAKOB/DEF.,12.353889,46.916943,1383.0,2022,4
185,5.0,2.0,1.0,1.0,9.0,29.0,0.0,0.0,0.0,0.0,1.8,0.0,38.0,ST.JAKOB/DEF.,12.353889,46.916943,1383.0,2022,5
185,6.0,4.0,0.0,1.0,3.0,32.0,0.0,0.0,0.0,0.0,1.7,3.0,27.0,ST.JAKOB/DEF.,12.353889,46.916943,1383.0,2022,6
185,9.0,4.0,1.0,0.0,2.0,29.0,0.0,0.0,0.0,0.0,1.8,2.0,32.0,ST.JAKOB/DEF.,12.353889,46.916943,1383.0,2022,7
185,2.0,8.0,0.0,2.0,6.0,26.0,0.0,0.0,0.0,0.0,1.6,8.0,33.0,ST.JAKOB/DEF.,12.353889,46.916943,1383.0,2022,8
185,1.0,2.0,0.0,1.0,5.0,39.0,0.0,0.0,0.0,0.0,1.6,4.0,30.0,ST.JAKOB/DEF.,12.353889,46.916943,1383.0,2022,9
185,0.0,2.0,0.0,1.0,1.0,59.0,0.0,0.0,0.0,0.0,1.5,0.0,23.0,ST.JAKOB/DEF.,12.353889,46.916943,1383.0,2022,10
185,0.0,0.0,0.0,1.0,13.0,54.0,0.0,0.0,0.0,0.0,1.2,0.0,11.0,ST.JAKOB/DEF.,12.353889,46.916943,1383.0,2022,11
19505,9.0,0.0,2.0,3.0,22.0,19.0,0.0,0.0,0.0,0.0,1.6,0.0,27.0,SILLIAN,12.423611,46.746387,1081.4,2021,11
19505,4.0,0.0,1.0,0.0,24.0,46.0,0.0,0.0,0.0,0.0,1.4,0.0,8.0,SILLIAN,12.423611,46.746387,1081.4,2021,12
19505,3.0,1.0,2.0,2.0,30.0,40.0,0.0,0.0,0.0,0.0,1.5,0.0,7.0,SILLIAN,12.423611,46.746387,1081.4,2022,1
19505,5.0,2.0,0.0,2.0,15.0,37.0,0.0,0.0,0.0,0.0,2.1,0.0,10.0,SILLIAN,12.423611,46.746387,1081.4,2022,2
19505,1.0,0.0,0.0,1.0,13.0,32.0,0.0,0.0,0.0,0.0,2.1,0.0,43.0,SILLIAN,12.423611,46.746387,1081.4,2022,3
19505,9.0,4.0,1.0,3.0,10.0,18.0,0.0,0.0,0.0,0.0,2.0,0.0,38.0,SILLIAN,12.423611,46.746387,1081.4,2022,4
19505,8.0,0.0,1.0,2.0,7.0,23.0,0.0,0.0,0.0,0.0,2.2,2.0,47.0,SILLIAN,12.423611,46.746387,1081.4,2022,5
19505,3.0,4.0,2.0,5.0,8.0,25.0,0.0,1.0,0.0,0.0,1.8,3.0,34.0,SILLIAN,12.423611,46.746387,1081.4,2022,6
19505,7.0,2.0,1.0,2.0,7.0,28.0,0.0,0.0,0.0,0.0,2.0,0.0,41.0,SILLIAN,12.423611,46.746387,1081.4,2022,7
19505,7.0,0.0,0.0,2.0,8.0,24.0,0.0,0.0,0.0,0.0,1.8,0.0,49.0,SILLIAN,12.423611,46.746387,1081.4,2022,8
19505,5.0,1.0,2.0,2.0,14.0,24.0,0.0,0.0,0.0,0.0,1.7,1.0,33.0,SILLIAN,12.423611,46.746387,1081.4,2022,9
19505,4.0,0.0,0.0,2.0,20.0,38.0,0.0,0.0,0.0,0.0,1.5,0.0,17.0,SILLIAN,12.423611,46.746387,1081.4,2022,10
19505,7.0,0.0,0.0,2.0,20.0,30.0,0.0,0.0,0.0,0.0,1.5,0.0,19.0,SILLIAN,12.423611,46.746387,1081.4,2022,11
196,7.0,17.0,45.0,1.0,2.0,1.0,3.0,10.0,9.0,7.0,7.1,12.0,5.0,PATSCHERKOFEL,11.462222,47.208889,2251.0,2021,11
196,8.0,35.0,22.0,0.0,3.0,8.0,3.0,10.0,8.0,4.0,6.7,17.0,0.0,PATSCHERKOFEL,11.462222,47.208889,2251.0,2021,12
196,11.0,48.0,12.0,0.0,0.0,2.0,2.0,13.0,9.0,5.0,7.0,20.0,0.0,PATSCHERKOFEL,11.462222,47.208889,2251.0,2022,1
196,3.0,37.0,18.0,0.0,8.0,4.0,4.0,16.0,13.0,10.0,7.7,13.0,1.0,PATSCHERKOFEL,11.462222,47.208889,2251.0,2022,2
196,16.0,8.0,45.0,2.0,3.0,0.0,1.0,13.0,9.0,6.0,6.0,18.0,1.0,PATSCHERKOFEL,11.462222,47.208889,2251.0,2022,3
196,12.0,12.0,30.0,1.0,1.0,4.0,2.0,7.0,4.0,3.0,5.9,30.0,0.0,PATSCHERKOFEL,11.462222,47.208889,2251.0,2022,4
196,16.0,13.0,24.0,4.0,5.0,2.0,1.0,6.0,5.0,1.0,4.3,26.0,3.0,PATSCHERKOFEL,11.462222,47.208889,2251.0,2022,5
196,11.0,17.0,35.0,1.0,1.0,1.0,0.0,14.0,10.0,6.0,5.7,23.0,1.0,PATSCHERKOFEL,11.462222,47.208889,2251.0,2022,6
196,11.0,21.0,16.0,1.0,1.0,2.0,0.0,7.0,2.0,1.0,4.4,38.0,3.0,PATSCHERKOFEL,11.462222,47.208889,2251.0,2022,7
196,27.0,6.0,16.0,6.0,0.0,1.0,2.0,5.0,3.0,2.0,4.0,34.0,3.0,PATSCHERKOFEL,11.462222,47.208889,2251.0,2022,8
196,8.0,37.0,25.0,3.0,1.0,0.0,0.0,9.0,5.0,4.0,5.4,15.0,1.0,PATSCHERKOFEL,11.462222,47.208889,2251.0,2022,9
196,7.0,16.0,50.0,1.0,3.0,3.0,3.0,16.0,10.0,7.0,7.0,12.0,1.0,PATSCHERKOFEL,11.462222,47.208889,2251.0,2022,10
20,15.0,1.0,15.0,5.0,12.0,5.0,0.0,0.0,0.0,0.0,1.6,21.0,5.0,EHRWALD,10.92,47.404167,982.0,2021,11
20,13.0,0.0,16.0,6.0,2.0,4.0,0.0,0.0,0.0,0.0,1.0,3.0,19.0,EHRWALD,10.92,47.404167,982.0,2021,12
20,5.0,4.0,7.0,5.0,7.0,6.0,0.0,0.0,0.0,0.0,0.9,4.0,23.0,EHRWALD,10.92,47.404167,982.0,2022,1
20,11.0,4.0,11.0,2.0,7.0,9.0,0.0,2.0,0.0,0.0,1.5,13.0,14.0,EHRWALD,10.92,47.404167,982.0,2022,2
20,15.0,3.0,6.0,6.0,12.0,3.0,0.0,0.0,0.0,0.0,1.9,24.0,14.0,EHRWALD,10.92,47.404167,982.0,2022,3
20,13.0,8.0,5.0,7.0,4.0,5.0,0.0,0.0,0.0,0.0,1.8,35.0,4.0,EHRWALD,10.92,47.404167,982.0,2022,4
20,11.0,4.0,7.0,4.0,6.0,9.0,0.0,0.0,0.0,0.0,1.7,36.0,3.0,EHRWALD,10.92,47.404167,982.0,2022,5
20,9.0,14.0,5.0,5.0,8.0,4.0,0.0,0.0,0.0,0.0,1.6,28.0,5.0,EHRWALD,10.92,47.404167,982.0,2022,6
20,8.0,14.0,6.0,4.0,3.0,10.0,0.0,0.0,0.0,0.0,1.5,34.0,5.0,EHRWALD,10.92,47.404167,982.0,2022,7
20,8.0,6.0,3.0,5.0,2.0,3.0,0.0,0.0,0.0,0.0,1.6,45.0,3.0,EHRWALD,10.92,47.404167,982.0,2022,8
20,11.0,7.0,5.0,10.0,6.0,4.0,0.0,0.0,0.0,0.0,1.2,21.0,14.0,EHRWALD,10.92,47.404167,982.0,2022,9
20,14.0,4.0,13.0,5.0,15.0,3.0,0.0,0.0,0.0,0.0,1.5,10.0,17.0,EHRWALD,10.92,47.404167,982.0,2022,10
20,11.0,3.0,15.0,8.0,16.0,7.0,0.0,0.0,0.0,0.0,1.5,8.0,12.0,EHRWALD,10.92,47.404167,982.0,2022,11
210,3.0,0.0,25.0,1.0,5.0,0.0,0.0,0.0,0.0,0.0,0.9,27.0,0.0,ST.LEONHARD/PITZTAL,10.865556,47.027222,1454.4,2021,11
210,7.0,0.0,19.0,0.0,18.0,0.0,0.0,0.0,0.0,0.0,0.9,18.0,1.0,ST.LEONHARD/PITZTAL,10.865556,47.027222,1454.4,2021,12
210,8.0,1.0,20.0,1.0,16.0,0.0,0.0,0.0,0.0,0.0,1.2,20.0,0.0,ST.LEONHARD/PITZTAL,10.865556,47.027222,1454.4,2022,1
210,6.0,1.0,18.0,0.0,18.0,0.0,0.0,1.0,0.0,0.0,1.3,20.0,1.0,ST.LEONHARD/PITZTAL,10.865556,47.027222,1454.4,2022,2
210,5.0,1.0,8.0,2.0,8.0,1.0,0.0,0.0,0.0,0.0,1.0,21.0,1.0,ST.LEONHARD/PITZTAL,10.865556,47.027222,1454.4,2022,3
210,11.0,0.0,14.0,1.0,2.0,0.0,0.0,0.0,0.0,0.0,1.8,37.0,2.0,ST.LEONHARD/PITZTAL,10.865556,47.027222,1454.4,2022,4
210,16.0,0.0,12.0,1.0,3.0,0.0,0.0,1.0,0.0,0.0,1.7,39.0,0.0,ST.LEONHARD/PITZTAL,10.865556,47.027222,1454.4,2022,5
210,11.0,0.0,17.0,3.0,6.0,0.0,0.0,0.0,0.0,0.0,1.5,28.0,0.0,ST.LEONHARD/PITZTAL,10.865556,47.027222,1454.4,2022,6
210,6.0,0.0,6.0,0.0,4.0,0.0,0.0,0.0,0.0,0.0,1.5,44.0,0.0,ST.LEONHARD/PITZTAL,10.865556,47.027222,1454.4,2022,7
210,3.0,0.0,7.0,1.0,4.0,0.0,0.0,0.0,0.0,0.0,1.5,45.0,0.0,ST.LEONHARD/PITZTAL,10.865556,47.027222,1454.4,2022,8
210,3.0,2.0,11.0,0.0,10.0,5.0,0.0,0.0,0.0,0.0,1.1,27.0,0.0,ST.LEONHARD/PITZTAL,10.865556,47.027222,1454.4,2022,10
210,0.0,1.0,19.0,1.0,12.0,2.0,0.0,0.0,0.0,0.0,0.9,23.0,0.0,ST.LEONHARD/PITZTAL,10.865556,47.027222,1454.4,2022,11
28,10.0,0.0,28.0,1.0,40.0,5.0,0.0,0.0,0.0,0.0,2.6,0.0,4.0,GALTUER,10.185555,46.968056,1587.0,2021,11
28,4.0,0.0,24.0,1.0,52.0,7.0,0.0,2.0,0.0,0.0,2.4,0.0,1.0,GALTUER,10.185555,46.968056,1587.0,2021,12
28,1.0,0.0,24.0,2.0,52.0,13.0,0.0,2.0,1.0,1.0,3.3,0.0,0.0,GALTUER,10.185555,46.968056,1587.0,2022,1
28,2.0,0.0,22.0,1.0,43.0,13.0,0.0,6.0,4.0,2.0,3.7,1.0,1.0,GALTUER,10.185555,46.968056,1587.0,2022,2
28,4.0,0.0,26.0,4.0,51.0,4.0,0.0,0.0,0.0,0.0,2.3,0.0,4.0,GALTUER,10.185555,46.968056,1587.0,2022,3
28,2.0,0.0,16.0,3.0,50.0,17.0,0.0,1.0,0.0,0.0,3.4,0.0,1.0,GALTUER,10.185555,46.968056,1587.0,2022,4
28,7.0,1.0,11.0,7.0,42.0,21.0,0.0,2.0,0.0,0.0,3.1,1.0,1.0,GALTUER,10.185555,46.968056,1587.0,2022,5
28,11.0,0.0,6.0,14.0,33.0,19.0,0.0,1.0,0.0,0.0,3.1,0.0,4.0,GALTUER,10.185555,46.968056,1587.0,2022,6
28,5.0,1.0,9.0,9.0,33.0,32.0,0.0,1.0,1.0,0.0,3.5,3.0,1.0,GALTUER,10.185555,46.968056,1587.0,2022,7
28,8.0,0.0,17.0,6.0,30.0,28.0,0.0,1.0,0.0,0.0,3.3,1.0,1.0,GALTUER,10.185555,46.968056,1587.0,2022,8
28,15.0,0.0,10.0,2.0,41.0,15.0,0.0,0.0,0.0,0.0,2.8,0.0,3.0,GALTUER,10.185555,46.968056,1587.0,2022,9
28,16.0,0.0,24.0,4.0,37.0,5.0,0.0,0.0,0.0,0.0,1.8,1.0,0.0,GALTUER,10.185555,46.968056,1587.0,2022,10
28,9.0,2.0,11.0,2.0,46.0,16.0,0.0,0.0,0.0,0.0,2.1,2.0,0.0,GALTUER,10.185555,46.968056,1587.0,2022,11
38,16.0,4.0,24.0,4.0,9.0,0.0,0.0,0.0,0.0,0.0,1.1,23.0,3.0,IMST,10.742222,47.236946,773.0,2021,11
38,28.0,3.0,3.0,7.0,5.0,0.0,0.0,0.0,0.0,0.0,0.9,28.0,1.0,IMST,10.742222,47.236946,773.0,2021,12
38,22.0,6.0,6.0,3.0,6.0,0.0,0.0,0.0,0.0,0.0,1.1,33.0,5.0,IMST,10.742222,47.236946,773.0,2022,1
38,16.0,3.0,12.0,4.0,5.0,1.0,0.0,1.0,0.0,0.0,1.2,25.0,5.0,IMST,10.742222,47.236946,773.0,2022,2
38,21.0,10.0,17.0,9.0,3.0,2.0,0.0,0.0,0.0,0.0,1.3,18.0,5.0,IMST,10.742222,47.236946,773.0,2022,3
38,29.0,5.0,17.0,6.0,6.0,1.0,0.0,0.0,0.0,0.0,1.7,24.0,1.0,IMST,10.742222,47.236946,773.0,2022,4
38,23.0,4.0,14.0,8.0,3.0,2.0,0.0,0.0,0.0,0.0,1.3,22.0,9.0,IMST,10.742222,47.236946,773.0,2022,5
38,20.0,5.0,15.0,8.0,6.0,1.0,0.0,0.0,0.0,0.0,1.4,18.0,13.0,IMST,10.742222,47.236946,773.0,2022,6
38,31.0,5.0,13.0,17.0,2.0,1.0,0.0,0.0,0.0,0.0,1.6,16.0,6.0,IMST,10.742222,47.236946,773.0,2022,7
38,41.0,4.0,16.0,7.0,1.0,1.0,0.0,0.0,0.0,0.0,1.5,18.0,2.0,IMST,10.742222,47.236946,773.0,2022,8
38,16.0,7.0,14.0,8.0,6.0,1.0,0.0,0.0,0.0,0.0,1.2,24.0,5.0,IMST,10.742222,47.236946,773.0,2022,9
38,15.0,6.0,15.0,7.0,2.0,2.0,0.0,0.0,0.0,0.0,0.9,24.0,7.0,IMST,10.742222,47.236946,773.0,2022,10
38,18.0,0.0,18.0,8.0,5.0,1.0,0.0,0.0,0.0,0.0,1.0,19.0,9.0,IMST,10.742222,47.236946,773.0,2022,11
39,6.0,1.0,2.0,4.0,26.0,20.0,0.0,0.0,0.0,0.0,1.6,2.0,25.0,INNSBRUCK-UNIV.,11.384167,47.259998,578.0,2021,11
39,14.0,3.0,0.0,0.0,34.0,28.0,0.0,0.0,0.0,0.0,1.8,2.0,10.0,INNSBRUCK-UNIV.,11.384167,47.259998,578.0,2021,12
39,14.0,3.0,3.0,1.0,25.0,15.0,0.0,2.0,1.0,0.0,1.6,6.0,25.0,INNSBRUCK-UNIV.,11.384167,47.259998,578.0,2022,1
39,10.0,3.0,4.0,1.0,11.0,25.0,1.0,4.0,3.0,3.0,2.5,4.0,21.0,INNSBRUCK-UNIV.,11.384167,47.259998,578.0,2022,2
39,15.0,2.0,9.0,4.0,9.0,16.0,0.0,4.0,1.0,0.0,2.8,1.0,34.0,INNSBRUCK-UNIV.,11.384167,47.259998,578.0,2022,3
39,13.0,3.0,5.0,2.0,9.0,13.0,0.0,3.0,2.0,0.0,3.0,5.0,38.0,INNSBRUCK-UNIV.,11.384167,47.259998,578.0,2022,4
39,20.0,5.0,6.0,2.0,13.0,11.0,0.0,5.0,1.0,0.0,2.7,1.0,32.0,INNSBRUCK-UNIV.,11.384167,47.259998,578.0,2022,5
39,16.0,5.0,4.0,0.0,11.0,16.0,0.0,3.0,2.0,2.0,3.1,4.0,34.0,INNSBRUCK-UNIV.,11.384167,47.259998,578.0,2022,6
39,12.0,2.0,0.0,0.0,12.0,12.0,0.0,4.0,2.0,0.0,2.7,9.0,44.0,INNSBRUCK-UNIV.,11.384167,47.259998,578.0,2022,7
39,20.0,1.0,1.0,2.0,15.0,13.0,0.0,1.0,0.0,0.0,2.7,2.0,39.0,INNSBRUCK-UNIV.,11.384167,47.259998,578.0,2022,8
39,26.0,5.0,3.0,2.0,12.0,8.0,0.0,0.0,0.0,0.0,1.9,9.0,24.0,INNSBRUCK-UNIV.,11.384167,47.259998,578.0,2022,9
39,11.0,5.0,1.0,0.0,27.0,26.0,0.0,1.0,0.0,0.0,1.7,6.0,15.0,INNSBRUCK-UNIV.,11.384167,47.259998,578.0,2022,10
39,9.0,4.0,3.0,2.0,24.0,24.0,0.0,3.0,2.0,0.0,1.7,5.0,15.0,INNSBRUCK-UNIV.,11.384167,47.259998,578.0,2022,11
43,28.0,11.0,2.0,1.0,2.0,9.0,0.0,4.0,1.0,0.0,2.4,17.0,20.0,KALS,12.646389,47.004723,1352.4,2022,1
43,34.0,17.0,3.0,1.0,3.0,3.0,0.0,5.0,2.0,2.0,1.8,15.0,4.0,KALS,12.646389,47.004723,1352.4,2022,2
43,29.0,14.0,11.0,1.0,12.0,3.0,0.0,0.0,0.0,0.0,1.9,11.0,7.0,KALS,12.646389,47.004723,1352.4,2022,3
43,13.0,22.0,12.0,0.0,12.0,8.0,0.0,1.0,0.0,0.0,2.2,16.0,5.0,KALS,12.646389,47.004723,1352.4,2022,4
43,15.0,16.0,17.0,2.0,10.0,2.0,0.0,3.0,0.0,0.0,2.1,11.0,14.0,KALS,12.646389,47.004723,1352.4,2022,6
43,18.0,22.0,9.0,1.0,9.0,3.0,0.0,1.0,0.0,0.0,2.1,11.0,16.0,KALS,12.646389,47.004723,1352.4,2022,7
43,18.0,8.0,14.0,4.0,10.0,2.0,0.0,0.0,0.0,0.0,1.8,7.0,23.0,KALS,12.646389,47.004723,1352.4,2022,8
43,25.0,9.0,10.0,1.0,10.0,3.0,0.0,0.0,0.0,0.0,1.6,5.0,21.0,KALS,12.646389,47.004723,1352.4,2022,9
43,23.0,4.0,10.0,3.0,12.0,2.0,0.0,0.0,0.0,0.0,1.3,9.0,16.0,KALS,12.646389,47.004723,1352.4,2022,10
43,24.0,8.0,8.0,5.0,4.0,1.0,0.0,0.0,0.0,0.0,1.5,9.0,24.0,KALS,12.646389,47.004723,1352.4,2022,11
50,9.0,4.0,33.0,14.0,11.0,6.0,0.0,0.0,0.0,0.0,1.8,7.0,1.0,LANDECK,10.563611,47.140278,796.0,2021,11
50,1.0,1.0,42.0,8.0,20.0,13.0,0.0,0.0,0.0,0.0,2.3,5.0,1.0,LANDECK,10.563611,47.140278,796.0,2021,12
50,4.0,2.0,40.0,16.0,16.0,8.0,0.0,0.0,0.0,0.0,2.5,5.0,1.0,LANDECK,10.563611,47.140278,796.0,2022,1
50,5.0,1.0,38.0,5.0,16.0,8.0,0.0,1.0,0.0,0.0,2.4,9.0,0.0,LANDECK,10.563611,47.140278,796.0,2022,2
50,12.0,1.0,28.0,11.0,17.0,8.0,0.0,0.0,0.0,0.0,1.9,11.0,4.0,LANDECK,10.563611,47.140278,796.0,2022,3
50,17.0,9.0,21.0,8.0,11.0,3.0,0.0,0.0,0.0,0.0,2.2,19.0,1.0,LANDECK,10.563611,47.140278,796.0,2022,4
50,15.0,10.0,16.0,11.0,10.0,9.0,0.0,0.0,0.0,0.0,2.0,18.0,4.0,LANDECK,10.563611,47.140278,796.0,2022,5
50,12.0,7.0,21.0,11.0,13.0,3.0,0.0,0.0,0.0,0.0,1.8,15.0,1.0,LANDECK,10.563611,47.140278,796.0,2022,6
50,21.0,2.0,17.0,18.0,7.0,3.0,0.0,0.0,0.0,0.0,2.1,18.0,2.0,LANDECK,10.563611,47.140278,796.0,2022,7
50,24.0,3.0,21.0,11.0,5.0,7.0,0.0,0.0,0.0,0.0,1.8,18.0,2.0,LANDECK,10.563611,47.140278,796.0,2022,8
50,8.0,9.0,26.0,12.0,11.0,9.0,0.0,0.0,0.0,0.0,1.6,9.0,1.0,LANDECK,10.563611,47.140278,796.0,2022,9
50,8.0,2.0,45.0,13.0,15.0,3.0,0.0,0.0,0.0,0.0,1.6,6.0,0.0,LANDECK,10.563611,47.140278,796.0,2022,10
50,4.0,5.0,27.0,25.0,16.0,3.0,0.0,0.0,0.0,0.0,1.7,7.0,0.0,LANDECK,10.563611,47.140278,796.0,2022,11
55,0.0,10.0,6.0,28.0,8.0,14.0,0.0,0.0,0.0,0.0,1.1,2.0,10.0,LIENZ,12.806389,46.825554,661.4,2021,11
55,0.0,10.0,4.0,20.0,6.0,28.0,0.0,0.0,0.0,0.0,1.0,0.0,9.0,LIENZ,12.806389,46.825554,661.4,2021,12
55,0.0,6.0,7.0,19.0,4.0,36.0,0.0,4.0,1.0,1.0,1.6,1.0,6.0,LIENZ,12.806389,46.825554,661.4,2022,1
55,3.0,11.0,2.0,8.0,10.0,27.0,0.0,4.0,2.0,1.0,1.8,0.0,10.0,LIENZ,12.806389,46.825554,661.4,2022,2
55,3.0,11.0,3.0,48.0,3.0,9.0,0.0,0.0,0.0,0.0,2.2,1.0,9.0,LIENZ,12.806389,46.825554,661.4,2022,3
55,1.0,5.0,4.0,46.0,1.0,5.0,0.0,4.0,1.0,0.0,2.9,1.0,22.0,LIENZ,12.806389,46.825554,661.4,2022,4
55,2.0,8.0,6.0,45.0,1.0,9.0,0.0,1.0,0.0,0.0,2.6,4.0,13.0,LIENZ,12.806389,46.825554,661.4,2022,5
55,5.0,14.0,2.0,31.0,1.0,9.0,0.0,4.0,2.0,0.0,2.7,2.0,17.0,LIENZ,12.806389,46.825554,661.4,2022,6
55,0.0,12.0,2.0,38.0,1.0,14.0,0.0,4.0,3.0,1.0,2.9,3.0,19.0,LIENZ,12.806389,46.825554,661.4,2022,7
55,0.0,15.0,3.0,38.0,2.0,9.0,0.0,0.0,0.0,0.0,2.3,0.0,16.0,LIENZ,12.806389,46.825554,661.4,2022,8
55,1.0,8.0,7.0,34.0,2.0,19.0,0.0,0.0,0.0,0.0,1.9,1.0,12.0,LIENZ,12.806389,46.825554,661.4,2022,9
55,1.0,13.0,4.0,27.0,7.0,28.0,0.0,0.0,0.0,0.0,1.2,0.0,2.0,LIENZ,12.806389,46.825554,661.4,2022,10
55,0.0,17.0,9.0,18.0,8.0,13.0,0.0,0.0,0.0,0.0,1.1,0.0,10.0,LIENZ,12.806389,46.825554,661.4,2022,11
61,4.0,1.0,12.0,5.0,14.0,10.0,0.0,0.0,0.0,0.0,0.7,0.0,11.0,MAYRHOFEN,11.851666,47.162498,640.0,2021,11
61,5.0,0.0,4.0,2.0,22.0,19.0,0.0,0.0,0.0,0.0,0.6,0.0,1.0,MAYRHOFEN,11.851666,47.162498,640.0,2021,12
61,1.0,0.0,5.0,3.0,24.0,10.0,0.0,0.0,0.0,0.0,0.7,0.0,14.0,MAYRHOFEN,11.851666,47.162498,640.0,2022,1
61,2.0,0.0,8.0,7.0,28.0,8.0,0.0,1.0,0.0,0.0,0.9,0.0,9.0,MAYRHOFEN,11.851666,47.162498,640.0,2022,2
61,3.0,0.0,5.0,8.0,30.0,13.0,0.0,0.0,0.0,0.0,1.2,0.0,16.0,MAYRHOFEN,11.851666,47.162498,640.0,2022,3
61,17.0,3.0,0.0,2.0,7.0,16.0,0.0,0.0,0.0,0.0,1.3,2.0,24.0,MAYRHOFEN,11.851666,47.162498,640.0,2022,4
61,21.0,5.0,0.0,0.0,11.0,24.0,0.0,1.0,0.0,0.0,1.2,5.0,13.0,MAYRHOFEN,11.851666,47.162498,640.0,2022,6
61,13.0,2.0,0.0,1.0,13.0,24.0,0.0,1.0,1.0,1.0,1.1,2.0,22.0,MAYRHOFEN,11.851666,47.162498,640.0,2022,7
61,7.0,0.0,2.0,3.0,10.0,24.0,0.0,0.0,0.0,0.0,1.1,2.0,22.0,MAYRHOFEN,11.851666,47.162498,640.0,2022,8
61,5.0,2.0,1.0,5.0,16.0,19.0,0.0,1.0,0.0,0.0,1.0,3.0,18.0,MAYRHOFEN,11.851666,47.162498,640.0,2022,9
61,5.0,0.0,12.0,3.0,28.0,17.0,0.0,0.0,0.0,0.0,0.9,0.0,6.0,MAYRHOFEN,11.851666,47.162498,640.0,2022,10
66,15.0,0.0,30.0,4.0,27.0,1.0,0.0,0.0,0.0,0.0,1.3,2.0,4.0,OBERGURGL,11.024445,46.866943,1941.0,2021,11
66,13.0,0.0,30.0,0.0,42.0,1.0,0.0,0.0,0.0,0.0,1.7,1.0,1.0,OBERGURGL,11.024445,46.866943,1941.0,2021,12
66,25.0,0.0,25.0,1.0,36.0,2.0,0.0,2.0,0.0,0.0,2.5,1.0,1.0,OBERGURGL,11.024445,46.866943,1941.0,2022,1
66,29.0,2.0,21.0,3.0,25.0,3.0,0.0,6.0,3.0,1.0,2.8,0.0,1.0,OBERGURGL,11.024445,46.866943,1941.0,2022,2
66,8.0,0.0,25.0,5.0,43.0,2.0,0.0,0.0,0.0,0.0,1.3,5.0,2.0,OBERGURGL,11.024445,46.866943,1941.0,2022,3
66,33.0,1.0,19.0,2.0,23.0,3.0,0.0,0.0,0.0,0.0,2.1,3.0,2.0,OBERGURGL,11.024445,46.866943,1941.0,2022,4
66,31.0,3.0,21.0,8.0,11.0,2.0,0.0,1.0,0.0,0.0,1.9,4.0,5.0,OBERGURGL,11.024445,46.866943,1941.0,2022,6
66,51.0,0.0,15.0,9.0,3.0,0.0,0.0,0.0,0.0,0.0,2.4,5.0,3.0,OBERGURGL,11.024445,46.866943,1941.0,2022,7
66,47.0,0.0,23.0,0.0,5.0,0.0,0.0,0.0,0.0,0.0,2.3,6.0,7.0,OBERGURGL,11.024445,46.866943,1941.0,2022,8
66,40.0,0.0,22.0,5.0,7.0,0.0,0.0,1.0,0.0,0.0,1.9,6.0,5.0,OBERGURGL,11.024445,46.866943,1941.0,2022,9
66,27.0,0.0,36.0,5.0,20.0,1.0,0.0,0.0,0.0,0.0,1.5,1.0,1.0,OBERGURGL,11.024445,46.866943,1941.0,2022,10
66,22.0,0.0,30.0,1.0,31.0,0.0,0.0,0.0,0.0,0.0,1.5,1.0,0.0,OBERGURGL,11.024445,46.866943,1941.0,2022,11
76,2.0,4.0,26.0,5.0,10.0,3.0,0.0,0.0,0.0,0.0,1.9,28.0,6.0,REUTTE,10.715278,47.494446,841.8,2021,11
76,1.0,1.0,40.0,11.0,17.0,3.0,0.0,0.0,0.0,0.0,1.6,12.0,2.0,REUTTE,10.715278,47.494446,841.8,2021,12
76,2.0,5.0,24.0,14.0,16.0,3.0,0.0,0.0,0.0,0.0,1.8,20.0,2.0,REUTTE,10.715278,47.494446,841.8,2022,1
76,2.0,5.0,26.0,10.0,19.0,2.0,0.0,5.0,3.0,1.0,2.2,15.0,4.0,REUTTE,10.715278,47.494446,841.8,2022,2
76,5.0,13.0,18.0,4.0,8.0,0.0,0.0,0.0,0.0,0.0,3.1,44.0,0.0,REUTTE,10.715278,47.494446,841.8,2022,3
76,0.0,27.0,7.0,6.0,7.0,0.0,0.0,1.0,0.0,0.0,3.1,35.0,3.0,REUTTE,10.715278,47.494446,841.8,2022,4
76,3.0,17.0,11.0,5.0,14.0,3.0,0.0,1.0,1.0,0.0,2.8,39.0,0.0,REUTTE,10.715278,47.494446,841.8,2022,5
76,1.0,18.0,20.0,2.0,13.0,4.0,0.0,2.0,0.0,0.0,3.0,29.0,1.0,REUTTE,10.715278,47.494446,841.8,2022,6
76,2.0,16.0,12.0,5.0,13.0,1.0,0.0,0.0,0.0,0.0,2.9,40.0,1.0,REUTTE,10.715278,47.494446,841.8,2022,7
76,2.0,30.0,17.0,4.0,6.0,3.0,0.0,0.0,0.0,0.0,3.1,29.0,0.0,REUTTE,10.715278,47.494446,841.8,2022,8
76,6.0,10.0,19.0,8.0,9.0,2.0,0.0,0.0,0.0,0.0,2.1,31.0,1.0,REUTTE,10.715278,47.494446,841.8,2022,9
76,2.0,9.0,39.0,5.0,12.0,1.0,0.0,0.0,0.0,0.0,1.9,18.0,2.0,REUTTE,10.715278,47.494446,841.8,2022,10
76,2.0,6.0,37.0,8.0,13.0,2.0,0.0,0.0,0.0,0.0,1.8,18.0,0.0,REUTTE,10.715278,47.494446,841.8,2022,11
87,20.0,1.0,16.0,6.0,28.0,2.0,0.0,0.0,0.0,0.0,1.6,3.0,8.0,SEEFELD,11.175555,47.324722,1181.9,2021,11
87,14.0,2.0,16.0,2.0,38.0,6.0,0.0,0.0,0.0,0.0,1.3,4.0,3.0,SEEFELD,11.175555,47.324722,1181.9,2021,12
87,25.0,4.0,8.0,2.0,35.0,6.0,0.0,0.0,0.0,0.0,1.5,4.0,4.0,SEEFELD,11.175555,47.324722,1181.9,2022,1
87,17.0,4.0,12.0,2.0,33.0,2.0,0.0,2.0,1.0,0.0,1.7,6.0,1.0,SEEFELD,11.175555,47.324722,1181.9,2022,2
87,16.0,3.0,19.0,4.0,35.0,3.0,0.0,0.0,0.0,0.0,1.6,6.0,2.0,SEEFELD,11.175555,47.324722,1181.9,2022,3
87,40.0,1.0,4.0,4.0,15.0,2.0,0.0,0.0,0.0,0.0,2.1,12.0,7.0,SEEFELD,11.175555,47.324722,1181.9,2022,4
87,40.0,2.0,8.0,2.0,12.0,3.0,0.0,0.0,0.0,0.0,1.9,13.0,8.0,SEEFELD,11.175555,47.324722,1181.9,2022,5
87,28.0,3.0,11.0,4.0,22.0,0.0,0.0,0.0,0.0,0.0,1.9,11.0,8.0,SEEFELD,11.175555,47.324722,1181.9,2022,6
87,38.0,3.0,14.0,3.0,13.0,3.0,0.0,0.0,0.0,0.0,2.1,12.0,5.0,SEEFELD,11.175555,47.324722,1181.9,2022,7
87,38.0,2.0,5.0,2.0,27.0,0.0,0.0,0.0,0.0,0.0,1.9,14.0,1.0,SEEFELD,11.175555,47.324722,1181.9,2022,8
87,21.0,2.0,6.0,1.0,30.0,7.0,0.0,1.0,0.0,0.0,1.5,13.0,5.0,SEEFELD,11.175555,47.324722,1181.9,2022,9
87,9.0,1.0,9.0,1.0,50.0,2.0,0.0,0.0,0.0,0.0,1.3,4.0,5.0,SEEFELD,11.175555,47.324722,1181.9,2022,10
87,13.0,0.0,15.0,3.0,36.0,3.0,0.0,0.0,0.0,0.0,1.4,3.0,9.0,SEEFELD,11.175555,47.324722,1181.9,2022,11
8806,0.0,26.0,7.0,20.0,0.0,0.0,0.0,0.0,0.0,0.0,2.2,37.0,0.0,ACHENKIRCH CAMPINGPLATZ,11.706667,47.499443,931.0,2021,11
8806,0.0,34.0,3.0,18.0,0.0,0.0,0.0,0.0,0.0,0.0,2.1,35.0,1.0,ACHENKIRCH CAMPINGPLATZ,11.706667,47.499443,931.0,2021,12
8806,1.0,31.0,2.0,12.0,0.0,1.0,0.0,2.0,0.0,0.0,2.9,45.0,0.0,ACHENKIRCH CAMPINGPLATZ,11.706667,47.499443,931.0,2022,1
8806,3.0,17.0,3.0,18.0,0.0,0.0,0.0,6.0,5.0,2.0,3.0,42.0,1.0,ACHENKIRCH CAMPINGPLATZ,11.706667,47.499443,931.0,2022,2
8806,1.0,24.0,1.0,18.0,0.0,0.0,0.0,0.0,0.0,0.0,2.5,46.0,3.0,ACHENKIRCH CAMPINGPLATZ,11.706667,47.499443,931.0,2022,3
8806,2.0,20.0,1.0,13.0,0.0,0.0,0.0,1.0,1.0,0.0,2.9,53.0,1.0,ACHENKIRCH CAMPINGPLATZ,11.706667,47.499443,931.0,2022,4
8806,2.0,27.0,2.0,19.0,1.0,2.0,0.0,0.0,0.0,0.0,2.5,34.0,3.0,ACHENKIRCH CAMPINGPLATZ,11.706667,47.499443,931.0,2022,5
8806,2.0,22.0,1.0,27.0,0.0,0.0,0.0,2.0,1.0,0.0,2.3,31.0,5.0,ACHENKIRCH CAMPINGPLATZ,11.706667,47.499443,931.0,2022,6
8806,0.0,31.0,3.0,13.0,0.0,0.0,0.0,0.0,0.0,0.0,2.3,41.0,1.0,ACHENKIRCH CAMPINGPLATZ,11.706667,47.499443,931.0,2022,7
8806,1.0,37.0,1.0,6.0,0.0,0.0,0.0,0.0,0.0,0.0,2.4,47.0,0.0,ACHENKIRCH CAMPINGPLATZ,11.706667,47.499443,931.0,2022,8
8806,3.0,32.0,0.0,8.0,0.0,0.0,0.0,0.0,0.0,0.0,2.2,45.0,2.0,ACHENKIRCH CAMPINGPLATZ,11.706667,47.499443,931.0,2022,9
8806,1.0,15.0,4.0,25.0,0.0,0.0,0.0,0.0,0.0,0.0,1.9,44.0,2.0,ACHENKIRCH CAMPINGPLATZ,11.706667,47.499443,931.0,2022,10
8806,0.0,23.0,7.0,18.0,0.0,0.0,0.0,0.0,0.0,0.0,2.2,39.0,3.0,ACHENKIRCH CAMPINGPLATZ,11.706667,47.499443,931.0,2022,11
9016,10.0,0.0,1.0,1.0,21.0,39.0,0.0,0.0,0.0,0.0,1.6,0.0,8.0,KUFSTEIN,12.162778,47.575279,490.0,2021,12
9016,24.0,0.0,4.0,5.0,16.0,27.0,0.0,0.0,0.0,0.0,1.4,0.0,7.0,KUFSTEIN,12.162778,47.575279,490.0,2022,1
9016,21.0,3.0,0.0,0.0,21.0,26.0,0.0,2.0,1.0,0.0,1.9,2.0,4.0,KUFSTEIN,12.162778,47.575279,490.0,2022,2
9016,52.0,1.0,3.0,1.0,8.0,13.0,0.0,0.0,0.0,0.0,2.2,0.0,10.0,KUFSTEIN,12.162778,47.575279,490.0,2022,3
9016,45.0,0.0,2.0,4.0,11.0,9.0,0.0,0.0,0.0,0.0,2.4,3.0,12.0,KUFSTEIN,12.162778,47.575279,490.0,2022,4
9016,48.0,0.0,0.0,0.0,9.0,17.0,0.0,0.0,0.0,0.0,2.2,0.0,16.0,KUFSTEIN,12.162778,47.575279,490.0,2022,5
9016,40.0,1.0,1.0,3.0,14.0,20.0,0.0,0.0,0.0,0.0,2.2,1.0,8.0,KUFSTEIN,12.162778,47.575279,490.0,2022,6
9016,47.0,0.0,2.0,1.0,12.0,16.0,0.0,0.0,0.0,0.0,2.2,1.0,10.0,KUFSTEIN,12.162778,47.575279,490.0,2022,7
9016,50.0,0.0,3.0,1.0,14.0,11.0,0.0,0.0,0.0,0.0,2.2,2.0,9.0,KUFSTEIN,12.162778,47.575279,490.0,2022,8
9016,38.0,2.0,0.0,2.0,5.0,23.0,0.0,0.0,0.0,0.0,1.7,0.0,9.0,KUFSTEIN,12.162778,47.575279,490.0,2022,9
9016,19.0,1.0,2.0,1.0,14.0,43.0,0.0,0.0,0.0,0.0,1.9,0.0,6.0,KUFSTEIN,12.162778,47.575279,490.0,2022,10
9016,10.0,1.0,2.0,0.0,14.0,42.0,0.0,0.0,0.0,0.0,1.4,0.0,8.0,KUFSTEIN,12.162778,47.575279,490.0,2022,11
9105,21.0,0.0,17.0,1.0,17.0,0.0,0.0,0.0,0.0,0.0,1.3,10.0,9.0,KIRCHDORF/TIROL,12.463056,47.566113,636.6,2021,11
9105,4.0,1.0,26.0,2.0,32.0,1.0,0.0,0.0,0.0,0.0,1.2,11.0,3.0,KIRCHDORF/TIROL,12.463056,47.566113,636.6,2021,12
9105,13.0,0.0,21.0,2.0,27.0,0.0,0.0,0.0,0.0,0.0,1.3,7.0,4.0,KIRCHDORF/TIROL,12.463056,47.566113,636.6,2022,1
9105,16.0,0.0,29.0,3.0,17.0,1.0,0.0,3.0,1.0,1.0,1.7,10.0,2.0,KIRCHDORF/TIROL,12.463056,47.566113,636.6,2022,2
9105,11.0,0.0,25.0,3.0,17.0,0.0,0.0,0.0,0.0,0.0,1.6,30.0,2.0,KIRCHDORF/TIROL,12.463056,47.566113,636.6,2022,3
9105,21.0,5.0,21.0,1.0,10.0,0.0,0.0,1.0,0.0,0.0,2.0,28.0,1.0,KIRCHDORF/TIROL,12.463056,47.566113,636.6,2022,4
9105,25.0,0.0,18.0,3.0,10.0,0.0,0.0,0.0,0.0,0.0,1.8,28.0,5.0,KIRCHDORF/TIROL,12.463056,47.566113,636.6,2022,5
9105,19.0,2.0,22.0,2.0,6.0,0.0,0.0,2.0,0.0,0.0,1.7,32.0,5.0,KIRCHDORF/TIROL,12.463056,47.566113,636.6,2022,6
9105,26.0,2.0,25.0,2.0,4.0,0.0,0.0,0.0,0.0,0.0,1.6,27.0,5.0,KIRCHDORF/TIROL,12.463056,47.566113,636.6,2022,7
9105,21.0,1.0,16.0,3.0,7.0,0.0,0.0,0.0,0.0,0.0,1.6,37.0,1.0,KIRCHDORF/TIROL,12.463056,47.566113,636.6,2022,8
9105,24.0,1.0,19.0,5.0,6.0,0.0,0.0,0.0,0.0,0.0,1.4,23.0,4.0,KIRCHDORF/TIROL,12.463056,47.566113,636.6,2022,9
9105,12.0,0.0,30.0,2.0,17.0,0.0,0.0,0.0,0.0,0.0,1.2,10.0,5.0,KIRCHDORF/TIROL,12.463056,47.566113,636.6,2022,10
9105,11.0,0.0,24.0,4.0,20.0,0.0,0.0,0.0,0.0,0.0,1.2,5.0,8.0,KIRCHDORF/TIROL,12.463056,47.566113,636.6,2022,11
9110,5.0,4.0,4.0,5.0,20.0,6.0,0.0,0.0,0.0,0.0,1.3,28.0,7.0,KOESSEN,12.393888,47.662777,588.0,2021,11
9110,3.0,3.0,11.0,7.0,31.0,3.0,0.0,0.0,0.0,0.0,0.8,6.0,5.0,KOESSEN,12.393888,47.662777,588.0,2021,12
9110,2.0,1.0,7.0,7.0,39.0,10.0,0.0,0.0,0.0,0.0,1.0,3.0,6.0,KOESSEN,12.393888,47.662777,588.0,2022,1
9110,4.0,1.0,3.0,5.0,31.0,14.0,0.0,0.0,0.0,0.0,1.2,5.0,4.0,KOESSEN,12.393888,47.662777,588.0,2022,2
9110,8.0,2.0,2.0,6.0,25.0,4.0,0.0,0.0,0.0,0.0,1.7,37.0,1.0,KOESSEN,12.393888,47.662777,588.0,2022,3
9110,6.0,7.0,1.0,2.0,9.0,8.0,0.0,0.0,0.0,0.0,1.9,35.0,7.0,KOESSEN,12.393888,47.662777,588.0,2022,4
9110,7.0,14.0,2.0,0.0,6.0,11.0,0.0,0.0,0.0,0.0,1.6,32.0,9.0,KOESSEN,12.393888,47.662777,588.0,2022,5
9110,11.0,9.0,3.0,3.0,7.0,4.0,0.0,2.0,2.0,2.0,2.0,36.0,10.0,KOESSEN,12.393888,47.662777,588.0,2022,6
9110,13.0,11.0,1.0,1.0,5.0,6.0,0.0,0.0,0.0,0.0,1.5,30.0,11.0,KOESSEN,12.393888,47.662777,588.0,2022,7
9110,4.0,5.0,5.0,1.0,27.0,2.0,0.0,0.0,0.0,0.0,1.2,23.0,3.0,KOESSEN,12.393888,47.662777,588.0,2022,9
9110,6.0,4.0,8.0,1.0,34.0,1.0,0.0,0.0,0.0,0.0,1.1,14.0,7.0,KOESSEN,12.393888,47.662777,588.0,2022,10
9110,4.0,1.0,6.0,4.0,38.0,2.0,0.0,0.0,0.0,0.0,0.9,11.0,3.0,KOESSEN,12.393888,47.662777,588.0,2022,11
